history_id,user_car_id,username,car_model,type,start_date,start_time,start_location_latitude,start_location_longitude,end_date,end_time,end_location_latitude,end_location_longitude,weather,paid,end_battery_level
30523,94,jenna7746,Kia Niro EV,ride,2025-05-17,0 days 20:28:00,40.7359,-73.9904,2025-05-17,0 days 20:28:00,40.7359,-73.9904,Partly Cloudy,,10
30522,94,jenna7746,Kia Niro EV,charge,2025-05-17,0 days 20:20:00,40.7359,-73.9904,2025-05-17,0 days 20:20:00,40.7359,-73.9904,Partly Cloudy,0.0,52
30521,94,jenna7746,Kia Niro EV,charge,2025-05-17,0 days 20:20:00,40.7359,-73.9904,2025-05-17,0 days 20:20:00,40.7359,-73.9904,Partly Cloudy,0.0,52
30520,94,jenna7746,Kia Niro EV,ride,2025-05-17,0 days 20:19:00,40.7359,-73.9904,2025-05-17,0 days 20:19:00,40.7359,-73.9904,Partly Cloudy,,68
12000,94,jenna7746,Kia Niro EV,ride,2027-03-31,0 days 21:16:46,30.969323,121.897594,2027-03-31,0 days 23:13:27,31.14228,121.342592,Fog,,38
11999,94,jenna7746,Kia Niro EV,ride,2027-03-30,0 days 02:55:52,30.723199,121.191583,2027-03-30,0 days 04:23:20,31.197024,121.463625,Cloudy,,43
11998,94,jenna7746,Kia Niro EV,charge,2027-03-28,0 days 00:53:48,31.037598,121.928919,2027-03-28,0 days 06:35:20,30.874775,121.890021,Very Cloudy,27.87,76
11997,94,jenna7746,Kia Niro EV,charge,2027-03-24,0 days 23:15:59,30.958204,121.500498,2027-03-25,0 days 05:22:19,30.73782,121.946671,Heavy Showers,25.45,49
11996,94,jenna7746,Kia Niro EV,ride,2027-03-23,0 days 08:11:25,31.25937,121.215065,2027-03-23,0 days 11:26:16,30.952246,121.3881,Cloudy,,19
11995,94,jenna7746,Kia Niro EV,ride,2027-03-22,0 days 00:17:21,30.72079,121.02682,2027-03-22,0 days 05:08:30,31.005151,121.083552,Light Sleet,,20
11994,94,jenna7746,Kia Niro EV,ride,2027-03-19,0 days 05:52:14,30.811762,121.006354,2027-03-19,0 days 08:25:48,30.756078,121.495247,Very Cloudy,,39
11993,94,jenna7746,Kia Niro EV,charge,2027-03-16,0 days 21:09:57,30.938776,120.965874,2027-03-17,0 days 04:59:14,31.031585,120.892335,Very Cloudy,20.2,44
11992,94,jenna7746,Kia Niro EV,ride,2027-03-16,0 days 11:30:26,30.760257,121.379934,2027-03-16,0 days 11:44:42,31.059331,120.937734,Thundery Showers,,38
11991,94,jenna7746,Kia Niro EV,charge,2027-03-15,0 days 10:23:18,30.99343,121.803537,2027-03-15,0 days 12:46:13,30.988947,121.393759,Cloudy,38.97,71
11990,94,jenna7746,Kia Niro EV,ride,2027-03-12,0 days 14:49:50,31.34959,121.262581,2027-03-12,0 days 15:12:39,30.907932,121.553218,Thundery Snow Showers,,55
11989,94,jenna7746,Kia Niro EV,charge,2027-03-11,0 days 20:15:23,30.918171,121.684587,2027-03-12,0 days 01:22:58,31.397822,121.107052,Heavy Snow Showers,30.61,89
11988,94,jenna7746,Kia Niro EV,ride,2027-03-09,0 days 20:35:01,31.189831,122.097552,2027-03-10,0 days 01:10:33,31.195731,121.374716,Thundery Heavy Rain,,74
11987,94,jenna7746,Kia Niro EV,charge,2027-03-08,0 days 14:02:10,31.503475,121.72708,2027-03-08,0 days 21:14:18,30.917141,121.115855,Light Snow,48.08,88
11986,94,jenna7746,Kia Niro EV,ride,2027-03-07,0 days 12:12:13,31.4125,121.484716,2027-03-07,0 days 15:20:26,31.029487,120.856851,Light Rain,,10
11985,94,jenna7746,Kia Niro EV,ride,2027-03-06,0 days 16:27:12,31.426118,121.453966,2027-03-06,0 days 20:32:04,31.426324,120.958785,Heavy Rain,,10
11984,94,jenna7746,Kia Niro EV,ride,2027-03-04,0 days 09:25:46,31.146997,121.772777,2027-03-04,0 days 13:55:52,31.209,120.895665,Heavy Snow,,10
11983,94,jenna7746,Kia Niro EV,ride,2027-03-02,0 days 05:55:43,31.341922,121.425144,2027-03-02,0 days 09:23:57,31.296507,121.500799,Light Sleet,,13
11982,94,jenna7746,Kia Niro EV,ride,2027-02-28,0 days 14:36:43,30.922736,121.329952,2027-02-28,0 days 17:36:06,31.191925,121.414747,Cloudy,,18
11981,94,jenna7746,Kia Niro EV,ride,2027-02-26,0 days 08:21:05,31.312943,121.02541,2027-02-26,0 days 11:30:44,31.454936,121.45839,Light Snow,,34
11980,94,jenna7746,Kia Niro EV,ride,2027-02-24,0 days 06:49:38,31.017862,121.023562,2027-02-24,0 days 09:40:53,31.030911,120.979478,Heavy Snow Showers,,60
11979,94,jenna7746,Kia Niro EV,charge,2027-02-22,0 days 00:00:39,30.939357,122.038228,2027-02-22,0 days 07:48:02,31.084287,121.935304,Heavy Rain,39.42,100
11978,94,jenna7746,Kia Niro EV,charge,2027-02-21,0 days 15:41:35,31.249457,121.428672,2027-02-21,0 days 22:03:17,31.318805,121.570596,Light Showers,41.69,97
11977,94,jenna7746,Kia Niro EV,charge,2027-02-19,0 days 13:43:14,31.208892,121.956999,2027-02-19,0 days 19:34:15,31.170152,121.274705,Light Sleet,9.61,86
11976,94,jenna7746,Kia Niro EV,ride,2027-02-19,0 days 09:09:06,31.182886,121.685913,2027-02-19,0 days 11:17:17,30.728889,122.016679,Heavy Snow Showers,,37
11975,94,jenna7746,Kia Niro EV,ride,2027-02-17,0 days 18:02:40,30.941715,121.577587,2027-02-17,0 days 19:50:50,30.772463,121.222023,Light Sleet,,49
11974,94,jenna7746,Kia Niro EV,charge,2027-02-16,0 days 20:22:20,30.724153,121.60351,2027-02-17,0 days 00:02:01,31.283606,121.382771,Partly Cloudy,36.13,89
11973,94,jenna7746,Kia Niro EV,charge,2027-02-13,0 days 19:44:39,31.461883,121.061877,2027-02-13,0 days 22:15:09,31.394262,121.109472,Partly Cloudy,9.44,74
11972,94,jenna7746,Kia Niro EV,ride,2027-02-12,0 days 05:51:06,31.144734,121.145138,2027-02-12,0 days 06:23:25,30.707875,122.01052,Thundery Snow Showers,,64
11971,94,jenna7746,Kia Niro EV,charge,2027-02-10,0 days 18:55:37,30.73183,121.226112,2027-02-10,0 days 23:23:12,30.878837,121.87495,Light Snow,37.74,100
11970,94,jenna7746,Kia Niro EV,charge,2027-02-07,0 days 12:22:46,30.712915,121.982546,2027-02-07,0 days 19:14:31,31.362411,121.864112,Heavy Showers,31.99,97
11969,94,jenna7746,Kia Niro EV,charge,2027-02-04,0 days 19:56:50,31.203885,121.062957,2027-02-04,0 days 22:57:12,31.155047,121.713414,Thundery Showers,47.28,92
11968,94,jenna7746,Kia Niro EV,ride,2027-02-02,0 days 12:49:46,31.334782,121.412412,2027-02-02,0 days 16:09:11,31.374038,121.160777,Sunny,,79
11967,94,jenna7746,Kia Niro EV,charge,2027-01-31,0 days 12:16:04,30.91208,121.549452,2027-01-31,0 days 14:52:03,31.004065,121.044332,Light Showers,9.87,100
11966,94,jenna7746,Kia Niro EV,charge,2027-01-28,0 days 20:54:59,31.41449,121.559129,2027-01-28,0 days 21:48:52,31.287976,121.119733,Light Snow,40.94,100
11965,94,jenna7746,Kia Niro EV,charge,2027-01-28,0 days 08:00:55,31.01944,121.234761,2027-01-28,0 days 08:33:29,30.88337,120.873597,Light Rain,32.51,100
11964,94,jenna7746,Kia Niro EV,charge,2027-01-27,0 days 02:00:11,31.210121,121.898065,2027-01-27,0 days 09:26:27,31.332481,120.947154,Cloudy,39.04,98
11963,94,jenna7746,Kia Niro EV,charge,2027-01-26,0 days 04:17:51,31.391698,121.175281,2027-01-26,0 days 11:48:51,31.417788,121.472055,Light Sleet Showers,26.98,88
11962,94,jenna7746,Kia Niro EV,charge,2027-01-23,0 days 15:35:21,31.182698,121.675665,2027-01-23,0 days 19:17:48,31.348572,121.8475,Heavy Showers,18.69,81
11961,94,jenna7746,Kia Niro EV,ride,2027-01-21,0 days 18:29:13,31.277138,121.968908,2027-01-21,0 days 23:00:54,31.308093,121.388188,Cloudy,,64
11960,94,jenna7746,Kia Niro EV,ride,2027-01-21,0 days 01:23:00,30.963151,121.803674,2027-01-21,0 days 02:36:47,31.089801,121.940191,Partly Cloudy,,64
11959,94,jenna7746,Kia Niro EV,charge,2027-01-20,0 days 05:14:30,30.786758,121.689889,2027-01-20,0 days 06:27:17,31.364776,120.95563,Thundery Snow Showers,19.22,87
11958,94,jenna7746,Kia Niro EV,ride,2027-01-18,0 days 08:12:58,30.934195,121.800115,2027-01-18,0 days 10:24:39,31.187544,121.205428,Very Cloudy,,81
11957,94,jenna7746,Kia Niro EV,charge,2027-01-18,0 days 04:14:16,30.712382,121.03089,2027-01-18,0 days 05:27:02,30.840743,121.886442,Light Rain,43.07,100
11956,94,jenna7746,Kia Niro EV,charge,2027-01-15,0 days 19:55:29,30.902294,121.025546,2027-01-15,0 days 21:47:54,31.400938,121.168509,Light Showers,14.91,100
11955,94,jenna7746,Kia Niro EV,charge,2027-01-12,0 days 15:31:58,31.385693,120.89345,2027-01-12,0 days 21:06:15,30.904357,121.941888,Heavy Snow Showers,16.06,100
11954,94,jenna7746,Kia Niro EV,charge,2027-01-11,0 days 23:34:55,30.888585,121.723338,2027-01-12,0 days 01:40:52,30.853141,121.524292,Light Sleet Showers,38.73,100
11953,94,jenna7746,Kia Niro EV,charge,2027-01-09,0 days 23:22:14,31.068058,121.516355,2027-01-10,0 days 06:06:42,30.782734,121.002022,Light Sleet Showers,27.51,100
11952,94,jenna7746,Kia Niro EV,charge,2027-01-07,0 days 16:54:12,31.428949,121.10339,2027-01-07,0 days 19:05:41,31.251657,121.647801,Light Rain,47.1,97
11951,94,jenna7746,Kia Niro EV,charge,2027-01-04,0 days 20:09:33,30.705782,121.016999,2027-01-05,0 days 01:19:47,31.523193,121.784695,Cloudy,39.35,56
11950,94,jenna7746,Kia Niro EV,ride,2027-01-03,0 days 00:22:47,30.931093,121.953807,2027-01-03,0 days 03:09:44,30.827634,121.337792,Cloudy,,31
11949,94,jenna7746,Kia Niro EV,ride,2026-12-31,0 days 03:38:13,31.203272,121.86762,2026-12-31,0 days 08:26:13,31.224541,121.540407,Cloudy,,46
11948,94,jenna7746,Kia Niro EV,charge,2026-12-28,0 days 07:13:30,31.335402,122.078105,2026-12-28,0 days 12:43:55,31.219757,121.172172,Light Showers,49.42,62
11947,94,jenna7746,Kia Niro EV,ride,2026-12-25,0 days 19:14:01,30.892476,122.11732,2026-12-25,0 days 23:28:25,30.800077,121.708823,Heavy Rain,,44
11946,94,jenna7746,Kia Niro EV,ride,2026-12-25,0 days 05:53:54,31.244026,121.098539,2026-12-25,0 days 09:00:11,30.888019,122.048827,Light Snow,,84
11945,94,jenna7746,Kia Niro EV,ride,2026-12-23,0 days 03:58:51,30.988689,121.250569,2026-12-23,0 days 06:07:52,31.427538,121.852726,Light Sleet Showers,,84
11944,94,jenna7746,Kia Niro EV,charge,2026-12-21,0 days 11:24:40,31.459647,121.563603,2026-12-21,0 days 12:05:49,31.347672,121.508868,Sunny,11.28,100
11943,94,jenna7746,Kia Niro EV,charge,2026-12-19,0 days 09:32:44,30.751454,121.020197,2026-12-19,0 days 15:20:02,31.508263,121.690203,Thundery Snow Showers,21.32,97
11942,94,jenna7746,Kia Niro EV,charge,2026-12-17,0 days 20:18:56,31.109795,121.564065,2026-12-18,0 days 01:50:46,30.879142,121.594412,Light Snow Showers,46.12,92
11941,94,jenna7746,Kia Niro EV,ride,2026-12-14,0 days 19:06:16,31.468061,121.769926,2026-12-14,0 days 20:53:15,31.345142,121.544419,Partly Cloudy,,80
11940,94,jenna7746,Kia Niro EV,charge,2026-12-11,0 days 23:00:48,31.41503,120.857425,2026-12-12,0 days 02:56:36,30.995989,121.212982,Fog,36.05,83
11939,94,jenna7746,Kia Niro EV,charge,2026-12-10,0 days 05:16:22,31.069599,121.797909,2026-12-10,0 days 10:26:00,30.848399,122.05073,Thundery Heavy Rain,41.01,78
11938,94,jenna7746,Kia Niro EV,ride,2026-12-07,0 days 21:11:12,31.105395,122.041139,2026-12-08,0 days 01:49:15,31.477421,122.064871,Light Rain,,42
11937,94,jenna7746,Kia Niro EV,ride,2026-12-05,0 days 06:19:59,31.076966,120.968952,2026-12-05,0 days 10:59:01,31.07075,122.113806,Heavy Rain,,60
11936,94,jenna7746,Kia Niro EV,charge,2026-12-02,0 days 14:02:48,30.735116,121.796089,2026-12-02,0 days 14:47:37,30.894147,121.284064,Sunny,48.43,87
11935,94,jenna7746,Kia Niro EV,ride,2026-11-30,0 days 05:56:35,31.217739,121.128804,2026-11-30,0 days 06:11:02,31.517282,121.287117,Light Rain,,66
11934,94,jenna7746,Kia Niro EV,charge,2026-11-27,0 days 06:52:49,30.707159,121.391983,2026-11-27,0 days 08:55:39,30.787169,121.897502,Thundery Snow Showers,49.85,92
11933,94,jenna7746,Kia Niro EV,ride,2026-11-25,0 days 17:13:29,31.100538,121.621492,2026-11-25,0 days 20:47:19,31.435529,121.409406,Light Showers,,71
11932,94,jenna7746,Kia Niro EV,charge,2026-11-24,0 days 00:38:44,31.096013,121.416846,2026-11-24,0 days 02:12:46,30.713423,121.991563,Heavy Snow,43.39,100
11931,94,jenna7746,Kia Niro EV,charge,2026-11-21,0 days 07:35:08,31.275662,121.86037,2026-11-21,0 days 12:44:11,31.017974,120.97155,Fog,22.79,94
11930,94,jenna7746,Kia Niro EV,charge,2026-11-21,0 days 01:45:31,31.292553,121.919528,2026-11-21,0 days 06:19:38,30.803421,121.881513,Thundery Snow Showers,6.11,86
11929,94,jenna7746,Kia Niro EV,ride,2026-11-19,0 days 22:52:08,31.138311,121.631955,2026-11-20,0 days 00:12:31,31.231698,121.790211,Partly Cloudy,,62
11928,94,jenna7746,Kia Niro EV,charge,2026-11-19,0 days 20:40:09,31.177094,122.055076,2026-11-19,0 days 21:20:31,31.047651,121.864865,Sunny,18.24,97
11927,94,jenna7746,Kia Niro EV,ride,2026-11-19,0 days 14:04:49,31.399908,121.164406,2026-11-19,0 days 17:25:09,31.269822,121.876298,Cloudy,,51
11926,94,jenna7746,Kia Niro EV,ride,2026-11-17,0 days 17:24:09,30.814258,121.110828,2026-11-17,0 days 17:44:29,31.067508,121.836472,Heavy Snow Showers,,75
11925,94,jenna7746,Kia Niro EV,charge,2026-11-16,0 days 00:46:56,31.035061,120.911947,2026-11-16,0 days 05:06:45,30.802335,121.876735,Cloudy,42.48,92
11924,94,jenna7746,Kia Niro EV,charge,2026-11-15,0 days 00:56:34,30.852495,121.64802,2026-11-15,0 days 07:34:25,31.258813,121.555489,Light Rain,11.68,47
11923,94,jenna7746,Kia Niro EV,ride,2026-11-13,0 days 23:27:37,30.750004,121.255594,2026-11-14,0 days 03:36:25,31.301285,121.503823,Light Sleet Showers,,10
11922,94,jenna7746,Kia Niro EV,ride,2026-11-12,0 days 21:57:22,30.902406,121.983347,2026-11-13,0 days 02:50:19,31.007243,121.256562,Heavy Snow Showers,,10
11921,94,jenna7746,Kia Niro EV,ride,2026-11-10,0 days 22:36:23,31.468097,121.222783,2026-11-11,0 days 02:03:01,31.372561,121.931653,Very Cloudy,,10
11920,94,jenna7746,Kia Niro EV,ride,2026-11-09,0 days 06:02:18,30.974185,121.178244,2026-11-09,0 days 06:25:05,31.460495,120.933756,Very Cloudy,,10
11919,94,jenna7746,Kia Niro EV,ride,2026-11-06,0 days 18:57:42,31.398558,121.799058,2026-11-06,0 days 21:49:34,30.713503,121.477813,Heavy Snow,,10
11918,94,jenna7746,Kia Niro EV,ride,2026-11-04,0 days 16:58:16,31.255722,121.209862,2026-11-04,0 days 21:32:02,31.381149,121.211669,Light Rain,,10
11917,94,jenna7746,Kia Niro EV,ride,2026-11-02,0 days 15:17:01,30.931416,122.04181,2026-11-02,0 days 17:43:19,31.462539,120.916759,Sunny,,10
11916,94,jenna7746,Kia Niro EV,ride,2026-11-02,0 days 03:56:05,31.489097,121.169901,2026-11-02,0 days 07:43:49,30.887352,121.50837,Light Sleet,,10
11915,94,jenna7746,Kia Niro EV,ride,2026-10-30,0 days 13:11:19,30.909258,121.815423,2026-10-30,0 days 14:13:37,31.173691,121.87747,Heavy Snow Showers,,10
11914,94,jenna7746,Kia Niro EV,ride,2026-10-27,0 days 13:59:09,30.883788,121.770183,2026-10-27,0 days 14:33:35,31.4242,121.333109,Cloudy,,15
11913,94,jenna7746,Kia Niro EV,ride,2026-10-25,0 days 21:37:44,31.355806,121.245577,2026-10-25,0 days 23:06:18,31.332411,121.897187,Light Sleet,,18
11912,94,jenna7746,Kia Niro EV,ride,2026-10-24,0 days 13:44:54,30.803088,121.814791,2026-10-24,0 days 18:36:27,31.245158,121.230895,Partly Cloudy,,57
11911,94,jenna7746,Kia Niro EV,ride,2026-10-22,0 days 07:34:28,30.93493,121.841139,2026-10-22,0 days 11:05:10,31.03059,121.186272,Heavy Rain,,58
11910,94,jenna7746,Kia Niro EV,charge,2026-10-21,0 days 18:20:38,30.784757,122.085866,2026-10-21,0 days 22:57:59,31.527261,121.186585,Light Showers,16.95,79
11909,94,jenna7746,Kia Niro EV,charge,2026-10-19,0 days 07:30:46,30.946455,122.009466,2026-10-19,0 days 09:50:34,30.872352,121.662113,Cloudy,26.97,74
11908,94,jenna7746,Kia Niro EV,charge,2026-10-16,0 days 12:43:30,31.489687,121.243233,2026-10-16,0 days 14:40:29,30.877733,121.286575,Heavy Showers,22.33,53
11907,94,jenna7746,Kia Niro EV,charge,2026-10-13,0 days 21:28:19,31.491437,121.565311,2026-10-14,0 days 05:01:44,30.875017,121.452897,Light Sleet,7.16,36
11906,94,jenna7746,Kia Niro EV,ride,2026-10-12,0 days 02:28:24,31.44626,121.863069,2026-10-12,0 days 02:59:01,31.505811,121.024399,Light Snow Showers,,10
11905,94,jenna7746,Kia Niro EV,ride,2026-10-09,0 days 00:54:52,31.074424,121.792642,2026-10-09,0 days 05:22:33,30.819269,121.636855,Heavy Snow Showers,,10
11904,94,jenna7746,Kia Niro EV,ride,2026-10-06,0 days 11:10:57,31.220144,121.685536,2026-10-06,0 days 12:19:05,31.141007,121.553578,Heavy Rain,,10
11903,94,jenna7746,Kia Niro EV,ride,2026-10-03,0 days 09:10:12,30.919136,121.770023,2026-10-03,0 days 12:45:09,31.374778,121.896734,Heavy Showers,,10
11902,94,jenna7746,Kia Niro EV,ride,2026-10-02,0 days 09:22:46,31.164277,121.269574,2026-10-02,0 days 12:10:33,30.724107,121.293183,Thundery Heavy Rain,,13
11901,94,jenna7746,Kia Niro EV,ride,2026-09-29,0 days 18:33:31,31.359396,120.958816,2026-09-29,0 days 22:41:37,31.30802,122.083506,Thundery Heavy Rain,,32
11900,94,jenna7746,Kia Niro EV,ride,2026-09-27,0 days 23:32:21,31.413488,121.8212,2026-09-28,0 days 00:59:00,31.470364,121.087956,Light Snow,,57
11899,94,jenna7746,Kia Niro EV,ride,2026-09-27,0 days 17:28:50,30.767102,121.120759,2026-09-27,0 days 20:40:58,30.878205,121.192464,Cloudy,,69
11898,94,jenna7746,Kia Niro EV,charge,2026-09-24,0 days 14:38:54,30.990875,121.212442,2026-09-24,0 days 21:12:41,31.511657,122.009748,Light Snow Showers,34.42,69
11897,94,jenna7746,Kia Niro EV,ride,2026-09-21,0 days 23:16:50,31.106492,121.472984,2026-09-21,0 days 23:35:06,30.988679,121.387074,Light Sleet,,54
11896,94,jenna7746,Kia Niro EV,charge,2026-09-19,0 days 14:53:08,31.212651,120.975509,2026-09-19,0 days 15:30:28,30.740446,121.729872,Light Sleet,6.54,87
11895,94,jenna7746,Kia Niro EV,charge,2026-09-18,0 days 04:02:24,31.068977,120.925182,2026-09-18,0 days 05:52:07,30.917655,120.896345,Heavy Snow,32.67,58
11894,94,jenna7746,Kia Niro EV,ride,2026-09-15,0 days 10:08:55,31.057503,121.346698,2026-09-15,0 days 14:07:14,30.887888,120.949403,Fog,,11
11893,94,jenna7746,Kia Niro EV,ride,2026-09-14,0 days 18:51:40,30.989084,122.107165,2026-09-14,0 days 23:38:43,31.292762,121.453875,Very Cloudy,,11
11892,94,jenna7746,Kia Niro EV,ride,2026-09-12,0 days 08:18:25,31.230413,120.991579,2026-09-12,0 days 11:37:47,31.350888,121.162155,Heavy Rain,,11
11891,94,jenna7746,Kia Niro EV,ride,2026-09-10,0 days 11:04:39,30.994464,121.770024,2026-09-10,0 days 11:33:04,30.766265,120.98984,Light Snow,,17
11890,94,jenna7746,Kia Niro EV,ride,2026-09-08,0 days 17:13:30,30.938624,121.069002,2026-09-08,0 days 17:47:02,31.060721,121.030834,Light Snow,,22
11889,94,jenna7746,Kia Niro EV,ride,2026-09-07,0 days 22:51:08,31.082951,121.002133,2026-09-08,0 days 02:56:38,30.899809,121.036788,Heavy Snow,,33
11888,94,jenna7746,Kia Niro EV,charge,2026-09-05,0 days 22:37:00,31.492021,121.6256,2026-09-06,0 days 01:25:55,31.51625,121.703248,Light Sleet Showers,38.63,59
11887,94,jenna7746,Kia Niro EV,ride,2026-09-03,0 days 17:57:00,31.364039,120.926791,2026-09-03,0 days 20:46:26,31.137833,122.04611,Thundery Heavy Rain,,50
11886,94,jenna7746,Kia Niro EV,ride,2026-09-03,0 days 08:00:04,31.317161,122.096525,2026-09-03,0 days 12:19:23,31.41186,121.227069,Fog,,85
11885,94,jenna7746,Kia Niro EV,charge,2026-09-02,0 days 13:19:56,31.2049,121.088194,2026-09-02,0 days 15:19:55,30.857665,121.12089,Thundery Snow Showers,36.43,100
11884,94,jenna7746,Kia Niro EV,charge,2026-08-30,0 days 14:11:37,30.88425,122.051774,2026-08-30,0 days 20:00:59,31.322253,121.635326,Light Snow Showers,23.7,100
11883,94,jenna7746,Kia Niro EV,charge,2026-08-28,0 days 08:46:20,31.306928,121.043553,2026-08-28,0 days 09:50:09,30.976806,121.236574,Light Showers,11.73,100
11882,94,jenna7746,Kia Niro EV,charge,2026-08-26,0 days 20:37:18,31.463991,122.063338,2026-08-27,0 days 01:55:19,31.444339,121.903188,Heavy Rain,46.5,96
11881,94,jenna7746,Kia Niro EV,charge,2026-08-25,0 days 08:43:12,31.116586,122.116298,2026-08-25,0 days 15:39:07,31.443584,121.742469,Partly Cloudy,37.62,38
11880,94,jenna7746,Kia Niro EV,ride,2026-08-22,0 days 11:17:53,31.522331,121.210047,2026-08-22,0 days 12:09:09,31.277402,121.715105,Light Sleet Showers,,15
11879,94,jenna7746,Kia Niro EV,ride,2026-08-20,0 days 18:29:39,31.1312,121.490733,2026-08-20,0 days 22:38:05,30.953368,121.410197,Cloudy,,16
11878,94,jenna7746,Kia Niro EV,ride,2026-08-20,0 days 12:43:09,30.89035,120.975467,2026-08-20,0 days 15:01:22,30.862872,121.045043,Thundery Showers,,18
11877,94,jenna7746,Kia Niro EV,ride,2026-08-17,0 days 20:53:44,31.048778,121.356278,2026-08-17,0 days 21:10:44,31.268632,121.796495,Cloudy,,43
11876,94,jenna7746,Kia Niro EV,ride,2026-08-16,0 days 04:41:48,30.881784,121.037763,2026-08-16,0 days 05:33:06,30.886597,121.089902,Heavy Rain,,46
11875,94,jenna7746,Kia Niro EV,charge,2026-08-14,0 days 09:23:31,31.156596,121.619423,2026-08-14,0 days 10:33:15,31.236665,121.038366,Light Snow Showers,38.71,82
11874,94,jenna7746,Kia Niro EV,ride,2026-08-13,0 days 02:31:27,31.044413,122.115031,2026-08-13,0 days 07:28:02,30.781972,121.179317,Thundery Snow Showers,,66
11873,94,jenna7746,Kia Niro EV,charge,2026-08-12,0 days 02:45:39,31.354795,122.076785,2026-08-12,0 days 04:03:04,30.926075,120.876749,Light Rain,10.16,100
11872,94,jenna7746,Kia Niro EV,charge,2026-08-10,0 days 02:51:59,30.899666,121.94664,2026-08-10,0 days 06:41:34,31.068025,121.191551,Light Snow Showers,30.3,100
11871,94,jenna7746,Kia Niro EV,charge,2026-08-07,0 days 09:15:42,30.85708,121.294766,2026-08-07,0 days 12:47:10,31.485501,121.566139,Heavy Showers,49.66,100
11870,94,jenna7746,Kia Niro EV,charge,2026-08-06,0 days 15:50:15,31.059136,122.072198,2026-08-06,0 days 19:41:52,30.863624,121.284139,Light Snow,36.52,100
11869,94,jenna7746,Kia Niro EV,charge,2026-08-03,0 days 14:23:24,31.225258,121.061216,2026-08-03,0 days 19:22:33,30.845329,120.85005,Cloudy,32.87,100
11868,94,jenna7746,Kia Niro EV,ride,2026-08-02,0 days 10:20:52,30.952169,121.273921,2026-08-02,0 days 14:30:54,30.748472,121.876222,Heavy Rain,,53
11867,94,jenna7746,Kia Niro EV,charge,2026-07-31,0 days 02:18:57,31.367932,121.758217,2026-07-31,0 days 04:19:03,31.462063,121.42819,Cloudy,41.17,89
11866,94,jenna7746,Kia Niro EV,charge,2026-07-30,0 days 01:08:25,31.158308,121.191745,2026-07-30,0 days 02:19:39,31.04474,121.023685,Heavy Snow,45.55,80
11865,94,jenna7746,Kia Niro EV,ride,2026-07-28,0 days 21:37:52,31.317281,121.147121,2026-07-29,0 days 02:32:55,31.260885,121.525118,Heavy Snow Showers,,13
11864,94,jenna7746,Kia Niro EV,ride,2026-07-27,0 days 22:30:36,31.389313,121.51414,2026-07-28,0 days 02:01:05,31.319012,122.107858,Thundery Showers,,15
11863,94,jenna7746,Kia Niro EV,ride,2026-07-25,0 days 02:52:58,30.91425,121.514913,2026-07-25,0 days 05:48:27,31.006056,121.52413,Thundery Showers,,17
11862,94,jenna7746,Kia Niro EV,ride,2026-07-23,0 days 05:31:50,31.11537,121.184569,2026-07-23,0 days 06:01:04,31.484582,121.826888,Fog,,22
11861,94,jenna7746,Kia Niro EV,ride,2026-07-22,0 days 09:53:06,31.242508,121.97248,2026-07-22,0 days 13:19:49,31.317373,121.060319,Light Sleet,,39
11860,94,jenna7746,Kia Niro EV,charge,2026-07-19,0 days 13:40:48,30.888504,121.742857,2026-07-19,0 days 17:25:12,30.949545,121.611846,Thundery Showers,30.37,44
11859,94,jenna7746,Kia Niro EV,ride,2026-07-18,0 days 21:06:05,30.714631,121.326131,2026-07-18,0 days 21:31:42,31.291277,121.853176,Thundery Heavy Rain,,13
11858,94,jenna7746,Kia Niro EV,ride,2026-07-15,0 days 19:03:38,31.389312,121.630182,2026-07-15,0 days 21:56:18,31.324473,121.798903,Very Cloudy,,43
11857,94,jenna7746,Kia Niro EV,ride,2026-07-12,0 days 21:16:41,31.112106,121.38711,2026-07-12,0 days 23:04:25,31.342249,122.017405,Thundery Heavy Rain,,63
11856,94,jenna7746,Kia Niro EV,charge,2026-07-12,0 days 10:43:56,31.219216,121.752826,2026-07-12,0 days 15:48:36,30.703022,122.092374,Thundery Heavy Rain,27.09,74
11855,94,jenna7746,Kia Niro EV,ride,2026-07-12,0 days 05:11:03,31.198295,122.002861,2026-07-12,0 days 09:17:36,31.372022,121.873332,Heavy Snow,,62
11854,94,jenna7746,Kia Niro EV,ride,2026-07-11,0 days 11:46:25,31.386523,121.34625,2026-07-11,0 days 14:09:40,31.180546,121.858023,Fog,,75
11853,94,jenna7746,Kia Niro EV,charge,2026-07-09,0 days 16:30:47,31.307821,121.650133,2026-07-09,0 days 22:38:14,30.870292,120.9687,Thundery Showers,43.39,100
11852,94,jenna7746,Kia Niro EV,ride,2026-07-07,0 days 02:39:52,31.402789,121.516353,2026-07-07,0 days 06:37:47,31.487854,121.915042,Light Snow Showers,,96
11851,94,jenna7746,Kia Niro EV,charge,2026-07-05,0 days 16:24:24,31.398221,121.995521,2026-07-05,0 days 21:30:25,30.794977,121.141861,Cloudy,7.77,100
11850,94,jenna7746,Kia Niro EV,charge,2026-07-03,0 days 10:38:33,31.497227,121.664784,2026-07-03,0 days 18:32:11,31.408781,121.207171,Light Sleet Showers,17.46,100
11849,94,jenna7746,Kia Niro EV,charge,2026-07-01,0 days 15:59:44,31.373361,121.469958,2026-07-01,0 days 21:22:05,31.067829,121.565969,Light Snow Showers,35.92,99
11848,94,jenna7746,Kia Niro EV,ride,2026-06-28,0 days 15:42:50,30.84184,121.604257,2026-06-28,0 days 18:48:56,30.748383,121.649416,Partly Cloudy,,70
11847,94,jenna7746,Kia Niro EV,charge,2026-06-28,0 days 04:31:44,31.028625,121.716591,2026-06-28,0 days 10:50:10,31.37052,121.556596,Light Showers,29.22,88
11846,94,jenna7746,Kia Niro EV,charge,2026-06-27,0 days 08:19:07,30.851058,120.897268,2026-06-27,0 days 10:01:53,30.907522,120.888979,Light Sleet Showers,23.16,79
11845,94,jenna7746,Kia Niro EV,charge,2026-06-26,0 days 14:12:16,31.402695,121.523698,2026-06-26,0 days 21:35:19,31.274768,121.348706,Thundery Showers,17.18,58
11844,94,jenna7746,Kia Niro EV,ride,2026-06-24,0 days 19:18:27,30.871528,121.724254,2026-06-24,0 days 20:40:47,31.077193,121.020346,Sunny,,45
11843,94,jenna7746,Kia Niro EV,ride,2026-06-23,0 days 05:04:34,31.009378,121.418423,2026-06-23,0 days 07:55:15,31.357541,121.389931,Thundery Heavy Rain,,47
11842,94,jenna7746,Kia Niro EV,ride,2026-06-20,0 days 05:35:13,30.712249,120.877555,2026-06-20,0 days 10:08:40,31.379688,122.070465,Light Snow,,53
11841,94,jenna7746,Kia Niro EV,charge,2026-06-18,0 days 02:45:54,30.863414,120.946821,2026-06-18,0 days 04:36:58,31.118625,121.216994,Heavy Showers,12.62,77
11840,94,jenna7746,Kia Niro EV,charge,2026-06-15,0 days 06:10:03,31.015372,121.694307,2026-06-15,0 days 09:26:43,31.021458,121.757548,Fog,17.06,68
11839,94,jenna7746,Kia Niro EV,ride,2026-06-13,0 days 02:21:33,30.876606,121.335188,2026-06-13,0 days 05:01:47,31.12959,121.54124,Cloudy,,45
11838,94,jenna7746,Kia Niro EV,ride,2026-06-12,0 days 20:04:24,30.855252,121.350553,2026-06-12,0 days 20:16:33,31.477895,121.639538,Heavy Rain,,49
11837,94,jenna7746,Kia Niro EV,ride,2026-06-10,0 days 05:04:32,31.431075,121.687915,2026-06-10,0 days 08:49:07,31.092295,121.593904,Thundery Showers,,88
11836,94,jenna7746,Kia Niro EV,charge,2026-06-08,0 days 01:14:10,31.422607,121.439164,2026-06-08,0 days 05:28:17,30.969226,121.620285,Heavy Showers,44.3,95
11835,94,jenna7746,Kia Niro EV,ride,2026-06-07,0 days 08:35:01,31.388879,121.765962,2026-06-07,0 days 09:56:06,30.971168,121.326188,Thundery Heavy Rain,,73
11834,94,jenna7746,Kia Niro EV,charge,2026-06-05,0 days 16:24:30,30.774359,121.660284,2026-06-05,0 days 20:34:35,31.339695,121.633457,Thundery Heavy Rain,33.99,84
11833,94,jenna7746,Kia Niro EV,ride,2026-06-04,0 days 23:43:37,30.78738,122.025733,2026-06-05,0 days 04:32:29,30.959737,122.090154,Very Cloudy,,65
11832,94,jenna7746,Kia Niro EV,charge,2026-06-03,0 days 00:42:07,31.17028,121.049669,2026-06-03,0 days 06:47:04,30.941545,120.921436,Sunny,16.29,89
11831,94,jenna7746,Kia Niro EV,ride,2026-06-02,0 days 03:16:45,30.835439,121.051387,2026-06-02,0 days 07:13:41,30.965764,121.073719,Cloudy,,74
11830,94,jenna7746,Kia Niro EV,charge,2026-05-31,0 days 22:54:37,30.805559,121.076209,2026-06-01,0 days 01:36:17,30.916576,121.865986,Heavy Snow Showers,10.7,100
11829,94,jenna7746,Kia Niro EV,ride,2026-05-29,0 days 11:03:54,31.044252,122.057024,2026-05-29,0 days 13:42:15,31.491396,121.397189,Light Rain,,100
11828,94,jenna7746,Kia Niro EV,charge,2026-05-26,0 days 16:33:40,31.404176,121.868112,2026-05-26,0 days 18:50:41,30.999658,121.110142,Thundery Showers,46.63,100
11827,94,jenna7746,Kia Niro EV,charge,2026-05-25,0 days 06:28:06,31.054432,121.817599,2026-05-25,0 days 10:38:36,30.741603,121.487597,Thundery Snow Showers,18.89,94
11826,94,jenna7746,Kia Niro EV,charge,2026-05-24,0 days 00:53:21,31.140846,121.342859,2026-05-24,0 days 01:36:08,30.923958,121.117271,Sunny,28.98,81
11825,94,jenna7746,Kia Niro EV,ride,2026-05-23,0 days 11:49:15,31.171024,121.972029,2026-05-23,0 days 16:24:08,31.510441,120.973013,Thundery Snow Showers,,76
11824,94,jenna7746,Kia Niro EV,charge,2026-05-20,0 days 23:02:41,30.829465,121.005176,2026-05-21,0 days 05:27:13,31.258623,120.920979,Light Snow,27.38,98
11823,94,jenna7746,Kia Niro EV,charge,2026-05-18,0 days 14:54:51,31.328458,121.119277,2026-05-18,0 days 15:39:55,31.301435,121.911122,Light Showers,16.28,57
11822,94,jenna7746,Kia Niro EV,charge,2026-05-18,0 days 07:48:37,31.197721,121.199555,2026-05-18,0 days 09:45:47,31.154539,121.707765,Light Sleet,18.14,41
11821,94,jenna7746,Kia Niro EV,ride,2026-05-17,0 days 04:22:50,31.112209,121.866841,2026-05-17,0 days 06:54:38,31.247914,121.340531,Fog,,29
11820,94,jenna7746,Kia Niro EV,ride,2026-05-16,0 days 10:12:10,30.812727,121.223238,2026-05-16,0 days 11:53:03,31.406627,121.743867,Sunny,,62
11819,94,jenna7746,Kia Niro EV,ride,2026-05-15,0 days 12:24:49,30.978752,122.09594,2026-05-15,0 days 14:29:48,31.040308,120.854715,Light Sleet,,62
11818,94,jenna7746,Kia Niro EV,ride,2026-05-15,0 days 08:07:25,31.126339,122.086513,2026-05-15,0 days 10:19:47,31.307926,121.437626,Light Snow,,83
11817,94,jenna7746,Kia Niro EV,charge,2026-05-15,0 days 01:30:07,30.823241,121.64482,2026-05-15,0 days 02:10:18,30.983992,122.042896,Thundery Heavy Rain,6.58,98
11816,94,jenna7746,Kia Niro EV,ride,2026-05-13,0 days 16:19:14,31.474119,121.596578,2026-05-13,0 days 21:00:10,30.786616,121.948239,Heavy Showers,,92
11815,94,jenna7746,Kia Niro EV,charge,2026-05-12,0 days 16:26:52,30.756302,120.979246,2026-05-12,0 days 20:36:14,30.979086,121.419938,Light Snow,31.05,100
11814,94,jenna7746,Kia Niro EV,charge,2026-05-09,0 days 17:37:09,31.068953,120.894258,2026-05-09,0 days 20:37:59,30.971406,121.879228,Light Snow Showers,40.58,99
11813,94,jenna7746,Kia Niro EV,ride,2026-05-09,0 days 05:19:42,30.86604,121.601128,2026-05-09,0 days 08:26:59,31.167131,121.894865,Light Snow Showers,,94
11812,94,jenna7746,Kia Niro EV,charge,2026-05-08,0 days 04:35:23,31.24987,121.598942,2026-05-08,0 days 05:16:02,31.146209,120.887065,Light Showers,37.6,100
11811,94,jenna7746,Kia Niro EV,charge,2026-05-05,0 days 12:52:04,31.34268,120.914376,2026-05-05,0 days 16:36:00,31.485328,121.980694,Sunny,28.25,100
11810,94,jenna7746,Kia Niro EV,charge,2026-05-03,0 days 16:31:06,31.138897,121.234347,2026-05-03,0 days 18:15:15,30.80728,121.377518,Heavy Snow Showers,9.19,100
11809,94,jenna7746,Kia Niro EV,charge,2026-05-01,0 days 17:40:40,30.809335,120.992802,2026-05-01,0 days 22:59:15,31.279726,121.548393,Very Cloudy,36.21,100
11808,94,jenna7746,Kia Niro EV,charge,2026-04-30,0 days 20:53:11,31.375048,122.087917,2026-05-01,0 days 03:58:08,30.764542,121.84226,Very Cloudy,13.63,98
11807,94,jenna7746,Kia Niro EV,charge,2026-04-28,0 days 07:02:12,31.02904,121.72511,2026-04-28,0 days 12:59:02,30.809963,121.784544,Heavy Snow,47.89,93
11806,94,jenna7746,Kia Niro EV,ride,2026-04-26,0 days 09:20:37,31.024654,121.91504,2026-04-26,0 days 10:47:04,30.990777,121.840235,Partly Cloudy,,81
11805,94,jenna7746,Kia Niro EV,charge,2026-04-23,0 days 08:58:40,31.308952,121.62382,2026-04-23,0 days 12:53:24,31.257342,121.765931,Light Snow Showers,16.83,95
11804,94,jenna7746,Kia Niro EV,charge,2026-04-20,0 days 22:16:07,30.796449,121.637151,2026-04-21,0 days 03:49:59,31.525796,121.402565,Light Showers,15.45,64
11803,94,jenna7746,Kia Niro EV,ride,2026-04-18,0 days 17:14:44,30.730054,121.935679,2026-04-18,0 days 20:13:49,31.035842,121.422456,Heavy Showers,,18
11802,94,jenna7746,Kia Niro EV,ride,2026-04-15,0 days 15:04:13,31.093788,121.076359,2026-04-15,0 days 18:33:21,30.726998,121.372494,Light Sleet Showers,,31
11801,94,jenna7746,Kia Niro EV,ride,2026-04-15,0 days 08:00:47,31.097504,121.127597,2026-04-15,0 days 08:39:03,30.785047,121.271833,Sunny,,68
11800,94,jenna7746,Kia Niro EV,charge,2026-04-14,0 days 17:45:49,30.909995,121.589173,2026-04-14,0 days 20:19:06,30.818818,121.891022,Sunny,39.24,93
11799,94,jenna7746,Kia Niro EV,charge,2026-04-11,0 days 18:38:12,31.117358,122.100951,2026-04-11,0 days 18:59:34,31.380294,120.941242,Thundery Heavy Rain,6.42,76
11798,94,jenna7746,Kia Niro EV,ride,2026-04-08,0 days 22:58:06,31.459722,121.171592,2026-04-08,0 days 23:55:41,31.520192,120.908856,Light Sleet Showers,,63
11797,94,jenna7746,Kia Niro EV,charge,2026-04-07,0 days 14:11:57,31.160301,121.072753,2026-04-07,0 days 17:09:25,31.503039,121.105021,Light Sleet,39.7,75
11796,94,jenna7746,Kia Niro EV,ride,2026-04-07,0 days 01:53:59,31.070363,121.923769,2026-04-07,0 days 02:31:50,30.765629,121.101479,Thundery Snow Showers,,55
11795,94,jenna7746,Kia Niro EV,charge,2026-04-05,0 days 02:51:12,31.107089,121.22566,2026-04-05,0 days 05:39:23,31.375958,121.989868,Light Snow,28.79,55
11794,94,jenna7746,Kia Niro EV,ride,2026-04-04,0 days 10:28:55,31.509958,121.431532,2026-04-04,0 days 12:23:02,31.492449,121.948859,Heavy Showers,,42
11793,94,jenna7746,Kia Niro EV,charge,2026-04-01,0 days 18:18:42,30.79864,121.924161,2026-04-01,0 days 20:00:50,31.401601,121.58104,Sunny,5.88,43
11792,94,jenna7746,Kia Niro EV,ride,2026-04-01,0 days 13:20:02,31.134748,121.176055,2026-04-01,0 days 15:57:36,31.182032,121.214813,Thundery Heavy Rain,,35
11791,94,jenna7746,Kia Niro EV,charge,2026-03-29,0 days 10:05:57,31.51946,121.833717,2026-03-29,0 days 14:23:51,30.905897,121.259058,Very Cloudy,19.91,72
11790,94,jenna7746,Kia Niro EV,charge,2026-03-26,0 days 10:08:30,31.50199,121.881928,2026-03-26,0 days 18:00:40,31.516788,121.257749,Cloudy,9.88,51
11789,94,jenna7746,Kia Niro EV,ride,2026-03-23,0 days 16:37:25,31.28636,122.042564,2026-03-23,0 days 21:08:41,31.458074,121.390225,Light Showers,,44
11788,94,jenna7746,Kia Niro EV,charge,2026-03-22,0 days 06:11:10,30.763753,121.925339,2026-03-22,0 days 11:16:19,31.511795,121.45759,Light Snow Showers,13.78,54
11787,94,jenna7746,Kia Niro EV,ride,2026-03-19,0 days 09:29:20,31.196397,121.063724,2026-03-19,0 days 11:42:31,30.807471,121.805813,Light Showers,,49
11786,94,jenna7746,Kia Niro EV,ride,2026-03-17,0 days 19:12:00,30.803581,121.316873,2026-03-17,0 days 23:19:33,30.916009,121.911674,Light Sleet,,63
11785,94,jenna7746,Kia Niro EV,charge,2026-03-15,0 days 22:53:27,30.991884,121.483545,2026-03-16,0 days 01:10:24,31.047164,121.264805,Very Cloudy,21.4,100
11784,94,jenna7746,Kia Niro EV,charge,2026-03-14,0 days 22:58:14,31.344507,121.86197,2026-03-15,0 days 04:59:01,30.981664,121.615378,Thundery Snow Showers,6.4,97
11783,94,jenna7746,Kia Niro EV,charge,2026-03-12,0 days 10:09:24,31.433707,121.197451,2026-03-12,0 days 14:44:35,30.814498,121.238234,Light Showers,30.05,70
11782,94,jenna7746,Kia Niro EV,ride,2026-03-11,0 days 15:52:53,31.100009,122.106918,2026-03-11,0 days 18:50:21,31.340637,122.078476,Light Sleet,,33
11781,94,jenna7746,Kia Niro EV,ride,2026-03-09,0 days 05:49:49,30.95175,121.242233,2026-03-09,0 days 10:25:39,31.049278,120.863114,Light Sleet Showers,,69
11780,94,jenna7746,Kia Niro EV,charge,2026-03-07,0 days 00:51:57,31.300262,121.468921,2026-03-07,0 days 07:21:05,30.860258,121.960011,Light Rain,22.08,85
11779,94,jenna7746,Kia Niro EV,ride,2026-03-03,0 days 22:48:43,31.161708,121.35337,2026-03-04,0 days 01:53:53,31.504455,121.699497,Heavy Showers,,48
11778,94,jenna7746,Kia Niro EV,charge,2026-03-03,0 days 11:04:31,31.355072,121.754727,2026-03-03,0 days 13:23:59,31.161762,121.091455,Heavy Rain,7.49,84
11777,94,jenna7746,Kia Niro EV,ride,2026-02-28,0 days 19:24:18,31.186297,121.103686,2026-02-28,0 days 20:52:53,31.349459,121.860378,Heavy Snow Showers,,25
11776,94,jenna7746,Kia Niro EV,ride,2026-02-27,0 days 02:29:57,31.005678,121.240589,2026-02-27,0 days 05:01:18,31.150465,121.605912,Sunny,,36
11775,94,jenna7746,Kia Niro EV,ride,2026-02-26,0 days 15:37:03,31.067235,121.922146,2026-02-26,0 days 16:14:32,30.93292,121.190866,Light Showers,,67
11774,94,jenna7746,Kia Niro EV,charge,2026-02-24,0 days 21:24:46,31.295116,121.288285,2026-02-24,0 days 23:08:42,31.401371,122.085265,Partly Cloudy,21.19,96
11773,94,jenna7746,Kia Niro EV,charge,2026-02-24,0 days 15:24:10,31.070627,120.995611,2026-02-24,0 days 17:09:26,31.442736,121.762005,Heavy Snow,35.63,88
11772,94,jenna7746,Kia Niro EV,ride,2026-02-24,0 days 09:14:36,31.209059,121.564148,2026-02-24,0 days 12:52:48,31.224099,121.93735,Light Rain,,66
11771,94,jenna7746,Kia Niro EV,charge,2026-02-23,0 days 14:49:17,31.246318,121.27959,2026-02-23,0 days 16:50:00,30.830247,120.885155,Light Snow Showers,34.66,93
11770,94,jenna7746,Kia Niro EV,charge,2026-02-21,0 days 01:30:13,31.084572,121.818493,2026-02-21,0 days 09:11:27,30.76663,121.03122,Light Rain,18.62,83
11769,94,jenna7746,Kia Niro EV,ride,2026-02-18,0 days 15:12:42,30.711903,121.222451,2026-02-18,0 days 16:17:23,31.385191,121.374322,Thundery Showers,,57
11768,94,jenna7746,Kia Niro EV,charge,2026-02-17,0 days 14:08:57,30.918591,120.98498,2026-02-17,0 days 20:05:50,31.171457,121.701866,Fog,29.12,75
11767,94,jenna7746,Kia Niro EV,ride,2026-02-15,0 days 17:32:19,30.798197,121.391654,2026-02-15,0 days 21:32:42,30.878598,121.94314,Light Snow,,65
11766,94,jenna7746,Kia Niro EV,charge,2026-02-14,0 days 20:52:48,31.004217,121.63212,2026-02-14,0 days 22:09:35,30.812792,122.045707,Heavy Snow,16.02,88
11765,94,jenna7746,Kia Niro EV,ride,2026-02-13,0 days 18:48:20,31.488664,121.519977,2026-02-13,0 days 19:40:54,31.034852,120.858135,Very Cloudy,,53
11764,94,jenna7746,Kia Niro EV,charge,2026-02-13,0 days 11:41:01,31.126977,121.080928,2026-02-13,0 days 13:22:56,31.11993,121.713375,Thundery Snow Showers,10.39,92
11763,94,jenna7746,Kia Niro EV,ride,2026-02-11,0 days 13:28:28,31.341172,122.027713,2026-02-11,0 days 18:21:07,31.100106,121.510812,Very Cloudy,,50
11762,94,jenna7746,Kia Niro EV,ride,2026-02-09,0 days 19:40:37,31.007154,122.04338,2026-02-09,0 days 21:45:32,31.154333,121.73818,Thundery Showers,,88
11761,94,jenna7746,Kia Niro EV,charge,2026-02-07,0 days 11:07:15,31.171378,121.782902,2026-02-07,0 days 18:23:22,31.228907,121.717445,Sunny,45.84,100
11760,94,jenna7746,Kia Niro EV,ride,2026-02-04,0 days 23:26:08,30.728763,121.199317,2026-02-05,0 days 04:09:34,31.160684,121.970861,Thundery Heavy Rain,,87
11759,94,jenna7746,Kia Niro EV,charge,2026-02-01,0 days 18:38:08,31.164742,121.153471,2026-02-02,0 days 01:27:45,30.94433,121.330821,Heavy Rain,21.3,100
11758,94,jenna7746,Kia Niro EV,charge,2026-01-30,0 days 07:33:20,31.265086,121.957697,2026-01-30,0 days 12:16:09,31.17644,120.961324,Thundery Heavy Rain,46.54,93
11757,94,jenna7746,Kia Niro EV,charge,2026-01-27,0 days 13:31:50,31.002172,121.649186,2026-01-27,0 days 15:44:42,31.384135,120.879137,Thundery Snow Showers,24.75,78
11756,94,jenna7746,Kia Niro EV,charge,2026-01-24,0 days 16:35:51,30.723294,120.855656,2026-01-25,0 days 00:34:59,31.107029,121.761931,Light Sleet,10.27,67
11755,94,jenna7746,Kia Niro EV,ride,2026-01-23,0 days 13:05:13,31.339769,120.958447,2026-01-23,0 days 14:24:01,30.935805,121.79221,Thundery Heavy Rain,,58
11754,94,jenna7746,Kia Niro EV,charge,2026-01-22,0 days 23:16:14,31.023207,121.54216,2026-01-23,0 days 06:24:37,31.261908,121.849154,Light Sleet Showers,12.12,92
11753,94,jenna7746,Kia Niro EV,ride,2026-01-21,0 days 02:17:01,31.401619,121.527465,2026-01-21,0 days 03:29:21,30.760405,121.478245,Light Showers,,71
11752,94,jenna7746,Kia Niro EV,charge,2026-01-20,0 days 10:55:46,31.314048,121.164501,2026-01-20,0 days 14:19:56,31.318917,121.462233,Heavy Snow Showers,9.95,82
11751,94,jenna7746,Kia Niro EV,ride,2026-01-18,0 days 22:44:35,30.820982,121.960302,2026-01-19,0 days 01:02:59,31.256844,121.654487,Heavy Snow,,42
11750,94,jenna7746,Kia Niro EV,ride,2026-01-16,0 days 12:27:22,31.237004,121.675658,2026-01-16,0 days 17:25:02,31.188965,121.45744,Thundery Heavy Rain,,56
11749,94,jenna7746,Kia Niro EV,ride,2026-01-16,0 days 00:19:33,31.366003,121.149526,2026-01-16,0 days 01:22:52,31.217323,121.493319,Thundery Snow Showers,,66
11748,94,jenna7746,Kia Niro EV,charge,2026-01-13,0 days 06:32:43,31.445621,121.638569,2026-01-13,0 days 09:47:59,30.999002,120.944453,Thundery Showers,27.53,98
11747,94,jenna7746,Kia Niro EV,charge,2026-01-11,0 days 22:37:54,31.236935,121.334999,2026-01-12,0 days 05:20:20,30.881281,121.304113,Heavy Rain,31.39,93
11746,94,jenna7746,Kia Niro EV,charge,2026-01-11,0 days 11:07:46,30.763929,121.077686,2026-01-11,0 days 13:11:05,31.22859,121.227657,Light Snow Showers,32.71,83
11745,94,jenna7746,Kia Niro EV,ride,2026-01-09,0 days 21:49:41,31.509706,122.062499,2026-01-10,0 days 00:18:24,31.494076,121.687916,Partly Cloudy,,63
11744,94,jenna7746,Kia Niro EV,charge,2026-01-07,0 days 02:44:36,31.180088,121.334168,2026-01-07,0 days 09:51:22,31.476285,121.505067,Thundery Showers,6.76,83
11743,94,jenna7746,Kia Niro EV,ride,2026-01-06,0 days 11:30:53,30.741358,121.171773,2026-01-06,0 days 13:13:18,30.815912,121.635867,Light Sleet Showers,,75
11742,94,jenna7746,Kia Niro EV,charge,2026-01-04,0 days 15:42:03,30.701784,121.13579,2026-01-04,0 days 17:43:48,31.439899,121.934985,Cloudy,11.56,100
11741,94,jenna7746,Kia Niro EV,charge,2026-01-02,0 days 14:04:03,31.466575,120.896256,2026-01-02,0 days 18:19:22,31.064727,121.209916,Heavy Showers,11.56,100
11740,94,jenna7746,Kia Niro EV,charge,2026-01-01,0 days 01:19:45,30.816633,121.629583,2026-01-01,0 days 06:15:25,30.927089,120.953293,Fog,38.08,100
11739,94,jenna7746,Kia Niro EV,charge,2025-12-30,0 days 21:11:35,31.126356,121.615407,2025-12-31,0 days 01:54:46,31.196643,121.360017,Thundery Showers,9.54,98
11738,94,jenna7746,Kia Niro EV,charge,2025-12-29,0 days 08:12:01,31.242344,121.247665,2025-12-29,0 days 11:56:03,31.410462,121.318742,Heavy Rain,17.4,92
11737,94,jenna7746,Kia Niro EV,ride,2025-12-27,0 days 21:05:16,30.80727,121.182472,2025-12-27,0 days 23:51:46,31.431171,121.365076,Thundery Snow Showers,,48
11736,94,jenna7746,Kia Niro EV,ride,2025-12-26,0 days 16:28:58,31.260351,121.869488,2025-12-26,0 days 18:50:28,31.435616,121.823768,Light Sleet,,83
11735,94,jenna7746,Kia Niro EV,charge,2025-12-25,0 days 20:09:49,31.024965,121.490822,2025-12-26,0 days 02:43:34,31.466816,121.374861,Heavy Rain,36.88,100
11734,94,jenna7746,Kia Niro EV,charge,2025-12-23,0 days 09:59:46,31.157677,121.719434,2025-12-23,0 days 11:46:09,31.050394,122.100179,Heavy Rain,6.9,100
11733,94,jenna7746,Kia Niro EV,charge,2025-12-21,0 days 03:02:05,30.841865,121.683698,2025-12-21,0 days 04:45:21,31.446986,121.674253,Light Showers,48.55,100
11732,94,jenna7746,Kia Niro EV,charge,2025-12-20,0 days 18:52:46,31.063617,121.225409,2025-12-20,0 days 21:16:16,31.406422,121.155224,Very Cloudy,15.26,100
11731,94,jenna7746,Kia Niro EV,charge,2025-12-17,0 days 22:49:28,31.495355,121.482423,2025-12-18,0 days 06:39:01,30.844608,121.5031,Sunny,27.5,100
11730,94,jenna7746,Kia Niro EV,charge,2025-12-15,0 days 11:52:21,31.190314,121.136008,2025-12-15,0 days 15:47:11,30.979841,121.251982,Heavy Snow Showers,14.99,97
11729,94,jenna7746,Kia Niro EV,ride,2025-12-12,0 days 17:46:43,31.139549,121.57033,2025-12-12,0 days 18:02:53,31.374296,121.37696,Light Snow Showers,,28
11728,94,jenna7746,Kia Niro EV,ride,2025-12-09,0 days 23:36:37,31.098812,121.738786,2025-12-10,0 days 01:06:04,31.33089,120.856387,Thundery Heavy Rain,,45
11727,94,jenna7746,Kia Niro EV,charge,2025-12-06,0 days 18:52:40,30.845502,121.154009,2025-12-07,0 days 02:03:56,31.172818,121.402176,Light Showers,31.34,71
11726,94,jenna7746,Kia Niro EV,ride,2025-12-05,0 days 01:00:32,30.942994,121.84668,2025-12-05,0 days 05:48:57,30.851058,121.433888,Thundery Showers,,13
11725,94,jenna7746,Kia Niro EV,ride,2025-12-03,0 days 17:35:01,30.82833,121.485945,2025-12-03,0 days 18:35:35,30.868749,121.619399,Cloudy,,32
11724,94,jenna7746,Kia Niro EV,ride,2025-12-01,0 days 03:38:38,31.085671,121.217082,2025-12-01,0 days 05:32:20,31.118148,121.791477,Light Sleet Showers,,50
11723,94,jenna7746,Kia Niro EV,charge,2025-11-28,0 days 11:42:50,30.994305,120.993614,2025-11-28,0 days 16:34:26,31.492775,121.652352,Light Sleet,18.65,87
11722,94,jenna7746,Kia Niro EV,ride,2025-11-27,0 days 06:36:31,30.940277,121.428608,2025-11-27,0 days 10:28:18,30.749237,121.375119,Heavy Showers,,35
11721,94,jenna7746,Kia Niro EV,ride,2025-11-25,0 days 19:56:23,31.471038,120.888314,2025-11-25,0 days 22:27:54,30.762843,121.616642,Thundery Heavy Rain,,57
11720,94,jenna7746,Kia Niro EV,charge,2025-11-22,0 days 15:02:06,31.387952,121.091774,2025-11-22,0 days 22:55:25,30.753408,121.1235,Heavy Snow Showers,28.69,74
11719,94,jenna7746,Kia Niro EV,ride,2025-11-20,0 days 20:12:49,31.444434,121.956012,2025-11-20,0 days 21:49:00,30.872107,121.090106,Light Showers,,51
11718,94,jenna7746,Kia Niro EV,ride,2025-11-20,0 days 12:20:24,31.17343,122.080538,2025-11-20,0 days 15:02:37,31.237652,121.180204,Light Rain,,72
11717,94,jenna7746,Kia Niro EV,ride,2025-11-17,0 days 16:17:54,31.39197,121.149535,2025-11-17,0 days 19:17:16,31.135029,121.602795,Thundery Snow Showers,,79
11716,94,jenna7746,Kia Niro EV,ride,2025-11-15,0 days 20:20:45,31.314338,121.176959,2025-11-16,0 days 00:10:49,30.934267,121.20721,Light Sleet,,83
11715,94,jenna7746,Kia Niro EV,charge,2025-11-13,0 days 12:22:47,30.893661,121.385038,2025-11-13,0 days 12:58:47,31.236217,121.482152,Sunny,6.86,100
11714,94,jenna7746,Kia Niro EV,charge,2025-11-13,0 days 02:38:23,31.175355,122.004098,2025-11-13,0 days 10:28:10,30.906309,121.745057,Light Rain,9.0,98
11713,94,jenna7746,Kia Niro EV,ride,2025-11-11,0 days 23:19:10,31.472261,121.474016,2025-11-12,0 days 03:16:00,30.832803,121.576357,Sunny,,85
11712,94,jenna7746,Kia Niro EV,charge,2025-11-11,0 days 06:53:06,30.995446,121.396824,2025-11-11,0 days 13:28:09,30.803955,122.060825,Thundery Snow Showers,6.43,99
11711,94,jenna7746,Kia Niro EV,ride,2025-11-10,0 days 03:55:16,30.815811,121.683552,2025-11-10,0 days 06:29:46,31.125378,121.986631,Light Rain,,64
11710,94,jenna7746,Kia Niro EV,charge,2025-11-09,0 days 09:48:42,31.409142,121.563544,2025-11-09,0 days 17:23:42,31.100976,121.110401,Fog,9.61,100
11709,94,jenna7746,Kia Niro EV,charge,2025-11-06,0 days 06:39:22,31.420733,121.760331,2025-11-06,0 days 09:49:10,30.809788,121.392575,Very Cloudy,8.35,94
11708,94,jenna7746,Kia Niro EV,charge,2025-11-05,0 days 13:39:08,31.246715,121.959553,2025-11-05,0 days 14:11:35,31.162677,121.201857,Cloudy,23.82,85
11707,94,jenna7746,Kia Niro EV,charge,2025-11-03,0 days 06:52:22,31.096169,121.175619,2025-11-03,0 days 10:20:06,30.981522,120.927756,Light Sleet Showers,24.52,78
11706,94,jenna7746,Kia Niro EV,ride,2025-11-03,0 days 00:38:30,31.12574,120.980356,2025-11-03,0 days 05:26:48,31.404177,121.231943,Thundery Heavy Rain,,57
11705,94,jenna7746,Kia Niro EV,ride,2025-10-31,0 days 11:03:46,30.951414,122.036708,2025-10-31,0 days 12:13:50,31.515559,121.640479,Heavy Snow Showers,,89
11704,94,jenna7746,Kia Niro EV,charge,2025-10-30,0 days 13:03:08,31.147149,121.105588,2025-10-30,0 days 15:24:20,31.170681,120.936308,Heavy Rain,8.74,100
11703,94,jenna7746,Kia Niro EV,charge,2025-10-28,0 days 23:46:06,31.269848,121.34705,2025-10-29,0 days 06:18:07,31.319664,121.904318,Light Rain,37.11,98
11702,94,jenna7746,Kia Niro EV,charge,2025-10-28,0 days 12:29:11,31.300741,121.02371,2025-10-28,0 days 14:41:48,31.412976,121.039455,Light Sleet,40.56,85
11701,94,jenna7746,Kia Niro EV,ride,2025-10-25,0 days 10:23:49,31.513024,121.503372,2025-10-25,0 days 14:13:17,31.251413,121.891507,Cloudy,,64
11700,94,jenna7746,Kia Niro EV,charge,2025-10-22,0 days 08:48:27,30.924336,121.51634,2025-10-22,0 days 10:27:34,31.515421,121.151894,Light Showers,40.1,100
11699,94,jenna7746,Kia Niro EV,ride,2025-10-20,0 days 21:53:40,31.396861,121.425092,2025-10-20,0 days 23:32:27,31.211741,121.966966,Light Snow,,78
11698,94,jenna7746,Kia Niro EV,charge,2025-10-20,0 days 11:35:53,30.988455,121.28638,2025-10-20,0 days 17:29:01,30.918919,122.093617,Very Cloudy,27.5,96
11697,94,jenna7746,Kia Niro EV,ride,2025-10-17,0 days 12:34:18,31.153996,121.257372,2025-10-17,0 days 13:52:57,31.381386,121.702655,Light Sleet Showers,,25
11696,94,jenna7746,Kia Niro EV,ride,2025-10-14,0 days 20:42:25,30.875147,122.042233,2025-10-15,0 days 00:45:21,30.719358,121.164355,Light Snow,,56
11695,94,jenna7746,Kia Niro EV,charge,2025-10-12,0 days 09:40:35,31.470397,121.326865,2025-10-12,0 days 12:33:54,31.144536,121.840031,Thundery Snow Showers,20.18,86
11694,94,jenna7746,Kia Niro EV,charge,2025-10-11,0 days 14:53:36,31.398138,121.521108,2025-10-11,0 days 20:03:28,30.761749,121.22311,Thundery Showers,46.69,80
11693,94,jenna7746,Kia Niro EV,ride,2025-10-09,0 days 11:49:02,30.87665,120.889617,2025-10-09,0 days 13:53:47,31.406316,122.010917,Partly Cloudy,,41
11692,94,jenna7746,Kia Niro EV,ride,2025-10-06,0 days 17:49:30,31.133093,121.493669,2025-10-06,0 days 18:20:42,31.335235,121.566874,Light Sleet Showers,,80
11691,94,jenna7746,Kia Niro EV,charge,2025-10-06,0 days 14:24:16,31.030275,120.949833,2025-10-06,0 days 15:54:31,31.339117,121.811431,Heavy Showers,18.74,100
11690,94,jenna7746,Kia Niro EV,charge,2025-10-04,0 days 11:34:10,31.455829,121.215883,2025-10-04,0 days 18:13:52,30.796801,121.89679,Thundery Snow Showers,9.09,100
11689,94,jenna7746,Kia Niro EV,charge,2025-10-03,0 days 04:36:17,31.3384,121.218793,2025-10-03,0 days 12:27:57,31.290246,121.187267,Heavy Rain,13.13,95
11688,94,jenna7746,Kia Niro EV,charge,2025-10-01,0 days 13:01:51,30.931111,121.924071,2025-10-01,0 days 18:01:06,31.140964,121.911795,Fog,36.04,86
11687,94,jenna7746,Kia Niro EV,charge,2025-09-28,0 days 19:43:41,31.215101,121.015011,2025-09-28,0 days 21:06:01,30.96328,121.746279,Partly Cloudy,24.33,81
11686,94,jenna7746,Kia Niro EV,ride,2025-09-27,0 days 13:15:01,31.1024,121.680782,2025-09-27,0 days 16:22:59,31.397032,121.455632,Heavy Showers,,44
11685,94,jenna7746,Kia Niro EV,charge,2025-09-26,0 days 09:32:42,31.259491,122.110331,2025-09-26,0 days 15:17:18,30.736727,121.755687,Heavy Rain,45.05,83
11684,94,jenna7746,Kia Niro EV,ride,2025-09-23,0 days 12:58:28,30.937316,120.908397,2025-09-23,0 days 14:05:33,30.913104,121.210506,Cloudy,,54
11683,94,jenna7746,Kia Niro EV,ride,2025-09-23,0 days 10:03:41,30.952044,121.569868,2025-09-23,0 days 10:24:34,31.055902,121.873227,Light Sleet,,58
11682,94,jenna7746,Kia Niro EV,charge,2025-09-22,0 days 21:49:59,31.348106,121.118531,2025-09-23,0 days 02:25:40,31.132797,121.163244,Thundery Showers,46.24,98
11681,94,jenna7746,Kia Niro EV,ride,2025-09-22,0 days 11:33:31,31.526723,121.637053,2025-09-22,0 days 14:35:37,31.211221,122.103069,Light Rain,,81
11680,94,jenna7746,Kia Niro EV,charge,2025-09-19,0 days 23:22:25,31.171629,121.58058,2025-09-20,0 days 05:39:24,30.844661,121.35219,Very Cloudy,26.41,100
11679,94,jenna7746,Kia Niro EV,charge,2025-09-18,0 days 23:22:11,31.283066,121.328094,2025-09-19,0 days 03:32:01,31.088167,121.618798,Thundery Heavy Rain,14.11,100
11678,94,jenna7746,Kia Niro EV,charge,2025-09-15,0 days 23:57:12,31.258852,121.408458,2025-09-16,0 days 05:03:42,31.466057,121.826939,Heavy Rain,17.86,97
11677,94,jenna7746,Kia Niro EV,ride,2025-09-15,0 days 04:33:03,31.49146,121.585717,2025-09-15,0 days 07:35:24,30.797598,121.84788,Light Showers,,25
11676,94,jenna7746,Kia Niro EV,ride,2025-09-13,0 days 06:14:51,31.289006,121.222248,2025-09-13,0 days 09:31:10,31.112085,122.090377,Fog,,42
11675,94,jenna7746,Kia Niro EV,charge,2025-09-10,0 days 05:34:31,31.481842,121.784468,2025-09-10,0 days 06:34:35,30.880134,121.134176,Very Cloudy,47.2,55
11674,94,jenna7746,Kia Niro EV,charge,2025-09-07,0 days 22:26:37,30.796305,121.027485,2025-09-07,0 days 23:38:47,31.480155,121.493434,Heavy Snow,14.36,40
11673,94,jenna7746,Kia Niro EV,ride,2025-09-05,0 days 08:40:34,31.339526,122.109468,2025-09-05,0 days 11:41:38,30.72699,121.834013,Thundery Heavy Rain,,16
11672,94,jenna7746,Kia Niro EV,ride,2025-09-03,0 days 06:06:34,31.452007,120.974579,2025-09-03,0 days 08:02:53,31.132784,120.956694,Heavy Showers,,45
11671,94,jenna7746,Kia Niro EV,ride,2025-08-31,0 days 18:56:22,31.494071,120.893175,2025-08-31,0 days 22:32:12,30.981154,121.049739,Sunny,,74
11670,94,jenna7746,Kia Niro EV,charge,2025-08-30,0 days 08:35:05,31.441937,121.108683,2025-08-30,0 days 16:29:43,31.06432,121.939574,Fog,8.14,96
11669,94,jenna7746,Kia Niro EV,ride,2025-08-29,0 days 21:34:13,31.449572,121.85076,2025-08-30,0 days 00:48:07,30.899265,121.58008,Light Snow,,56
11668,94,jenna7746,Kia Niro EV,ride,2025-08-28,0 days 21:50:53,30.712881,120.864593,2025-08-29,0 days 02:26:05,31.520446,121.552089,Fog,,94
11667,94,jenna7746,Kia Niro EV,charge,2025-08-28,0 days 01:12:15,30.859671,121.766195,2025-08-28,0 days 04:42:08,31.462771,121.976281,Light Snow,13.94,97
11666,94,jenna7746,Kia Niro EV,charge,2025-08-26,0 days 13:42:26,31.480669,121.494661,2025-08-26,0 days 15:11:48,31.471284,120.880729,Thundery Snow Showers,7.26,91
11665,94,jenna7746,Kia Niro EV,charge,2025-08-25,0 days 15:11:49,31.310122,121.021746,2025-08-25,0 days 19:56:56,30.788079,121.529183,Light Snow Showers,22.74,86
11664,94,jenna7746,Kia Niro EV,ride,2025-08-25,0 days 07:18:08,31.201721,121.312349,2025-08-25,0 days 10:56:46,30.908432,121.4124,Light Snow,,42
11663,94,jenna7746,Kia Niro EV,ride,2025-08-24,0 days 18:38:48,30.931461,121.345349,2025-08-24,0 days 21:54:16,31.227072,121.702615,Light Showers,,49
11662,94,jenna7746,Kia Niro EV,charge,2025-08-24,0 days 02:43:07,30.841177,121.472357,2025-08-24,0 days 10:38:52,30.730966,121.499821,Thundery Heavy Rain,9.64,75
11661,94,jenna7746,Kia Niro EV,charge,2025-08-22,0 days 21:33:29,31.201618,121.191341,2025-08-23,0 days 01:21:55,31.151609,121.764313,Heavy Snow,24.69,59
11660,94,jenna7746,Kia Niro EV,charge,2025-08-22,0 days 12:26:45,30.877244,121.068173,2025-08-22,0 days 16:08:05,31.022155,120.953657,Cloudy,11.13,31
11659,94,jenna7746,Kia Niro EV,charge,2025-08-21,0 days 19:32:40,31.081673,121.99298,2025-08-21,0 days 20:19:09,31.122583,121.190733,Heavy Snow Showers,48.33,19
11658,94,jenna7746,Kia Niro EV,ride,2025-08-18,0 days 20:40:07,30.862266,121.132337,2025-08-19,0 days 00:40:22,31.018919,120.914028,Thundery Heavy Rain,,11
11657,94,jenna7746,Kia Niro EV,ride,2025-08-17,0 days 00:12:33,30.752819,121.560575,2025-08-17,0 days 05:08:37,30.817132,121.944277,Heavy Showers,,33
11656,94,jenna7746,Kia Niro EV,ride,2025-08-14,0 days 01:58:21,30.913629,122.054868,2025-08-14,0 days 03:16:34,30.761757,121.271486,Thundery Snow Showers,,43
11655,94,jenna7746,Kia Niro EV,ride,2025-08-12,0 days 03:40:59,30.762476,121.145332,2025-08-12,0 days 05:42:51,31.463183,121.340474,Very Cloudy,,79
11654,94,jenna7746,Kia Niro EV,charge,2025-08-10,0 days 20:11:28,31.408888,121.299568,2025-08-11,0 days 00:58:09,31.461692,121.979629,Light Showers,36.34,100
11653,94,jenna7746,Kia Niro EV,charge,2025-08-09,0 days 10:00:56,30.911201,121.220658,2025-08-09,0 days 11:31:43,31.354763,120.853833,Light Snow,31.77,100
11652,94,jenna7746,Kia Niro EV,charge,2025-08-06,0 days 06:05:39,31.350909,121.73554,2025-08-06,0 days 10:59:20,30.952731,121.464886,Thundery Heavy Rain,49.6,100
11651,94,jenna7746,Kia Niro EV,charge,2025-08-05,0 days 09:44:51,30.795315,121.655653,2025-08-05,0 days 10:34:01,31.09316,122.103244,Heavy Snow Showers,39.28,100
11650,94,jenna7746,Kia Niro EV,charge,2025-08-03,0 days 05:24:39,31.500295,122.041651,2025-08-03,0 days 12:04:46,31.294215,121.483804,Sunny,14.4,100
11649,94,jenna7746,Kia Niro EV,charge,2025-08-01,0 days 12:40:54,31.147568,121.865434,2025-08-01,0 days 17:16:48,31.45071,121.543118,Very Cloudy,32.7,95
11648,94,jenna7746,Kia Niro EV,ride,2025-07-31,0 days 18:03:02,31.242568,121.412349,2025-07-31,0 days 20:50:37,31.068658,121.97062,Light Rain,,15
11647,94,jenna7746,Kia Niro EV,ride,2025-07-29,0 days 16:56:48,30.752677,121.274133,2025-07-29,0 days 19:57:03,31.428922,120.987071,Thundery Snow Showers,,15
11646,94,jenna7746,Kia Niro EV,ride,2025-07-26,0 days 18:01:42,31.150901,121.3455,2025-07-26,0 days 21:10:46,31.011441,121.889052,Light Sleet,,22
11645,94,jenna7746,Kia Niro EV,ride,2025-07-23,0 days 16:50:11,30.984325,121.973262,2025-07-23,0 days 19:43:25,31.050939,121.883762,Cloudy,,32
11644,94,jenna7746,Kia Niro EV,ride,2025-07-22,0 days 04:49:51,30.719338,121.947881,2025-07-22,0 days 08:34:16,30.889459,120.989857,Heavy Rain,,66
11643,94,jenna7746,Kia Niro EV,ride,2025-07-19,0 days 12:28:31,31.269113,121.233653,2025-07-19,0 days 15:28:32,31.300666,120.928681,Light Rain,,84
11642,94,jenna7746,Kia Niro EV,charge,2025-07-18,0 days 09:05:23,30.819111,120.957414,2025-07-18,0 days 10:29:17,30.898531,121.880709,Partly Cloudy,17.73,100
11641,94,jenna7746,Kia Niro EV,charge,2025-07-17,0 days 12:52:46,30.895358,120.995388,2025-07-17,0 days 15:28:58,31.013046,122.109456,Light Snow,47.01,97
11640,94,jenna7746,Kia Niro EV,charge,2025-07-15,0 days 07:42:01,30.914035,121.014438,2025-07-15,0 days 14:44:44,31.023143,121.388412,Thundery Heavy Rain,23.16,84
11639,94,jenna7746,Kia Niro EV,ride,2025-07-14,0 days 17:43:51,31.451582,121.839766,2025-07-14,0 days 17:59:34,30.910759,121.663143,Partly Cloudy,,76
11638,94,jenna7746,Kia Niro EV,ride,2025-07-14,0 days 02:21:17,31.397568,121.832979,2025-07-14,0 days 03:49:26,30.98557,121.407733,Cloudy,,95
11637,94,jenna7746,Kia Niro EV,charge,2025-07-11,0 days 11:36:27,31.387465,121.018564,2025-07-11,0 days 12:18:34,31.499391,121.377515,Thundery Snow Showers,42.12,100
11636,94,jenna7746,Kia Niro EV,ride,2025-07-11,0 days 07:53:39,31.521797,121.004175,2025-07-11,0 days 08:31:38,31.441034,120.980869,Light Showers,,59
11635,94,jenna7746,Kia Niro EV,ride,2025-07-09,0 days 23:07:02,31.258571,121.718169,2025-07-10,0 days 02:24:13,30.917712,121.068985,Fog,,97
11634,94,jenna7746,Kia Niro EV,charge,2025-07-07,0 days 17:29:16,31.030502,120.915442,2025-07-07,0 days 19:04:55,31.1326,121.08234,Very Cloudy,45.21,100
11633,94,jenna7746,Kia Niro EV,charge,2025-07-05,0 days 12:13:46,31.489912,121.506179,2025-07-05,0 days 15:43:21,31.484113,121.126764,Very Cloudy,8.93,100
11632,94,jenna7746,Kia Niro EV,charge,2025-07-03,0 days 07:21:15,30.83491,121.916234,2025-07-03,0 days 07:41:37,30.974506,121.141134,Fog,26.92,100
11631,94,jenna7746,Kia Niro EV,charge,2025-07-02,0 days 17:44:46,30.788998,122.119823,2025-07-03,0 days 00:18:06,31.249331,121.030978,Light Snow Showers,17.09,100
11630,94,jenna7746,Kia Niro EV,charge,2025-07-02,0 days 00:40:26,31.419614,120.884227,2025-07-02,0 days 03:26:36,31.263147,120.979195,Heavy Snow,44.17,100
11629,94,jenna7746,Kia Niro EV,charge,2025-07-01,0 days 08:11:25,30.745093,121.069168,2025-07-01,0 days 14:47:03,31.320162,121.302372,Light Snow,11.39,100
11628,94,jenna7746,Kia Niro EV,ride,2025-06-28,0 days 10:10:54,31.360385,121.861759,2025-06-28,0 days 13:55:11,30.932838,121.383843,Thundery Snow Showers,,98
11627,94,jenna7746,Kia Niro EV,charge,2025-06-27,0 days 04:45:21,31.409524,122.105945,2025-06-27,0 days 06:24:20,31.434727,121.999876,Light Rain,5.52,100
11626,94,jenna7746,Kia Niro EV,charge,2025-06-24,0 days 20:50:43,31.350836,121.021105,2025-06-25,0 days 04:39:55,31.088649,121.931639,Heavy Snow Showers,13.08,95
11625,94,jenna7746,Kia Niro EV,ride,2025-06-24,0 days 16:34:09,31.490716,120.866762,2025-06-24,0 days 16:46:18,31.35404,122.019601,Thundery Snow Showers,,89
11624,94,jenna7746,Kia Niro EV,charge,2025-06-22,0 days 16:39:54,31.369936,121.658463,2025-06-22,0 days 21:50:27,31.200686,121.644676,Heavy Snow Showers,24.91,100
11623,94,jenna7746,Kia Niro EV,charge,2025-06-19,0 days 20:55:39,31.313268,121.817092,2025-06-20,0 days 04:45:16,31.340654,122.059166,Sunny,49.1,100
11622,94,jenna7746,Kia Niro EV,charge,2025-06-18,0 days 17:36:08,30.79846,122.030197,2025-06-18,0 days 22:42:42,31.096045,122.009491,Light Snow,48.65,96
11621,94,jenna7746,Kia Niro EV,ride,2025-06-17,0 days 00:16:33,31.378782,121.894715,2025-06-17,0 days 05:03:40,31.058762,121.585379,Partly Cloudy,,91
11620,94,jenna7746,Kia Niro EV,charge,2025-06-16,0 days 16:29:40,31.112268,121.533684,2025-06-16,0 days 19:03:52,31.107088,122.028722,Light Snow,19.34,100
11619,94,jenna7746,Kia Niro EV,charge,2025-06-14,0 days 19:29:29,31.20405,121.04376,2025-06-14,0 days 23:17:23,31.427445,121.247647,Partly Cloudy,13.4,100
11618,94,jenna7746,Kia Niro EV,charge,2025-06-13,0 days 15:46:07,31.159813,121.942798,2025-06-13,0 days 22:58:58,30.876647,121.93108,Fog,48.31,95
11617,94,jenna7746,Kia Niro EV,charge,2025-06-12,0 days 13:14:53,31.354333,121.952005,2025-06-12,0 days 19:30:04,31.429779,121.457801,Light Showers,25.34,88
11616,94,jenna7746,Kia Niro EV,ride,2025-06-09,0 days 12:33:35,31.399449,121.10342,2025-06-09,0 days 14:05:59,31.05283,121.765128,Light Snow Showers,,74
11615,94,jenna7746,Kia Niro EV,charge,2025-06-07,0 days 19:38:12,31.098252,121.070933,2025-06-08,0 days 03:30:08,30.904442,121.539875,Sunny,45.15,84
11614,94,jenna7746,Kia Niro EV,charge,2025-06-05,0 days 01:58:30,31.108208,121.711319,2025-06-05,0 days 04:16:10,31.405876,121.136991,Light Sleet,6.4,45
11613,94,jenna7746,Kia Niro EV,ride,2025-06-03,0 days 05:56:42,31.416308,121.972398,2025-06-03,0 days 08:23:52,30.929026,121.9726,Sunny,,20
11612,94,jenna7746,Kia Niro EV,ride,2025-05-31,0 days 04:23:51,30.941364,121.433602,2025-05-31,0 days 08:04:43,31.251318,121.377679,Very Cloudy,,58
11611,94,jenna7746,Kia Niro EV,ride,2025-05-29,0 days 18:12:30,31.24449,121.213083,2025-05-29,0 days 23:07:39,30.994575,121.371427,Partly Cloudy,,66
11610,94,jenna7746,Kia Niro EV,charge,2025-05-29,0 days 04:15:23,31.401574,121.731796,2025-05-29,0 days 10:50:15,30.876888,120.917884,Light Snow,18.07,92
11609,94,jenna7746,Kia Niro EV,ride,2025-05-26,0 days 00:45:35,31.218345,121.30232,2025-05-26,0 days 05:35:39,31.192477,121.980617,Light Sleet,,71
11608,94,jenna7746,Kia Niro EV,ride,2025-05-25,0 days 03:00:26,31.216813,121.719263,2025-05-25,0 days 06:49:53,31.194044,121.257875,Heavy Rain,,82
11607,94,jenna7746,Kia Niro EV,charge,2025-05-22,0 days 16:02:27,31.087125,121.335578,2025-05-22,0 days 17:40:29,31.15244,121.915565,Partly Cloudy,47.31,100
11606,94,jenna7746,Kia Niro EV,charge,2025-05-21,0 days 08:00:48,31.49471,121.088256,2025-05-21,0 days 11:20:22,31.049972,121.681566,Light Showers,19.73,100
11605,94,jenna7746,Kia Niro EV,charge,2025-05-18,0 days 12:57:27,31.173866,121.244337,2025-05-18,0 days 17:41:24,30.765016,121.756008,Heavy Snow,32.18,96
11604,94,jenna7746,Kia Niro EV,charge,2025-05-15,0 days 20:01:45,31.515721,121.596309,2025-05-16,0 days 00:29:44,31.23462,121.004011,Light Rain,26.58,91
11603,94,jenna7746,Kia Niro EV,ride,2025-05-14,0 days 16:24:49,31.493946,121.354428,2025-05-14,0 days 20:49:38,30.941187,121.627261,Fog,,78
11602,94,jenna7746,Kia Niro EV,charge,2025-05-13,0 days 23:53:59,31.527706,120.97614,2025-05-14,0 days 07:05:10,31.488356,121.662633,Thundery Showers,7.4,96
11601,94,jenna7746,Kia Niro EV,charge,2025-05-13,0 days 13:23:11,31.175464,121.954799,2025-05-13,0 days 18:01:48,30.889207,121.023006,Light Sleet,47.84,80
11600,94,jenna7746,Kia Niro EV,ride,2025-05-12,0 days 02:46:53,30.819095,121.394972,2025-05-12,0 days 05:02:04,30.739125,121.068468,Heavy Snow,,14
11599,94,jenna7746,Kia Niro EV,ride,2025-05-11,0 days 08:06:55,31.223273,121.63706,2025-05-11,0 days 09:57:57,31.004072,120.993752,Very Cloudy,,17
11598,94,jenna7746,Kia Niro EV,ride,2025-05-09,0 days 23:51:02,30.989724,121.556578,2025-05-10,0 days 02:38:42,30.728142,122.069882,Light Snow Showers,,30
11597,94,jenna7746,Kia Niro EV,ride,2025-05-07,0 days 02:37:27,31.080785,120.92494,2025-05-07,0 days 03:28:12,31.381357,121.508669,Light Snow Showers,,44
11596,94,jenna7746,Kia Niro EV,charge,2025-05-06,0 days 02:18:47,31.279297,121.852031,2025-05-06,0 days 03:02:45,30.973651,122.022086,Thundery Heavy Rain,45.01,77
11595,94,jenna7746,Kia Niro EV,ride,2025-05-03,0 days 12:25:08,31.490429,121.992451,2025-05-03,0 days 12:55:18,31.288977,121.071591,Partly Cloudy,,18
11594,94,jenna7746,Kia Niro EV,ride,2025-04-30,0 days 21:08:47,30.811003,122.077673,2025-04-30,0 days 23:23:11,31.005371,121.53179,Fog,,58
11593,94,jenna7746,Kia Niro EV,ride,2025-04-28,0 days 08:46:20,31.354535,121.273822,2025-04-28,0 days 13:08:21,31.101325,120.966075,Heavy Showers,,93
11592,94,jenna7746,Kia Niro EV,charge,2025-04-25,0 days 11:21:11,31.072083,120.986234,2025-04-25,0 days 12:57:56,30.777759,121.053664,Very Cloudy,18.62,100
11591,94,jenna7746,Kia Niro EV,charge,2025-04-24,0 days 12:11:05,31.21251,121.487008,2025-04-24,0 days 13:38:54,31.215274,121.652015,Light Snow,22.51,100
11590,94,jenna7746,Kia Niro EV,charge,2025-04-23,0 days 07:45:37,30.707199,121.888538,2025-04-23,0 days 14:32:31,31.074587,122.102909,Light Sleet,40.41,100
11589,94,jenna7746,Kia Niro EV,charge,2025-04-22,0 days 00:39:47,31.460732,120.854843,2025-04-22,0 days 06:39:54,31.312713,121.013933,Heavy Showers,42.53,100
11588,94,jenna7746,Kia Niro EV,charge,2025-04-20,0 days 05:55:59,31.461177,121.459072,2025-04-20,0 days 07:41:37,30.815871,121.983025,Light Sleet Showers,24.85,100
11587,94,jenna7746,Kia Niro EV,charge,2025-04-17,0 days 20:01:29,31.225786,122.021138,2025-04-18,0 days 01:44:47,31.272246,121.287794,Cloudy,45.73,100
11586,94,jenna7746,Kia Niro EV,charge,2025-04-16,0 days 07:26:36,31.219642,120.900407,2025-04-16,0 days 09:49:25,30.859846,121.588801,Light Sleet,43.52,99
11585,94,jenna7746,Kia Niro EV,ride,2025-04-15,0 days 20:50:40,31.518459,121.392457,2025-04-16,0 days 00:40:50,31.293619,121.335998,Light Snow,,93
11584,94,jenna7746,Kia Niro EV,charge,2025-04-13,0 days 11:20:01,30.835524,120.873921,2025-04-13,0 days 17:31:09,31.05559,121.819415,Light Sleet,31.56,100
11583,94,jenna7746,Kia Niro EV,charge,2025-04-12,0 days 16:14:26,30.737183,120.967772,2025-04-12,0 days 20:30:04,31.003878,122.066392,Heavy Rain,49.27,97
11582,94,jenna7746,Kia Niro EV,charge,2025-04-11,0 days 04:36:31,30.738239,121.326723,2025-04-11,0 days 08:28:34,31.334013,121.415093,Thundery Snow Showers,25.62,70
11581,94,jenna7746,Kia Niro EV,ride,2025-04-08,0 days 18:47:19,31.203742,120.931107,2025-04-08,0 days 20:27:08,31.028516,120.931587,Light Showers,,16
11580,94,jenna7746,Kia Niro EV,ride,2025-04-06,0 days 19:59:09,31.052306,121.639359,2025-04-07,0 days 00:38:48,30.785189,120.869711,Thundery Heavy Rain,,16
11579,94,jenna7746,Kia Niro EV,ride,2025-04-04,0 days 14:57:20,31.44512,121.392468,2025-04-04,0 days 19:37:49,31.370093,121.297785,Heavy Snow Showers,,16
11578,94,jenna7746,Kia Niro EV,ride,2025-04-01,0 days 19:43:32,30.815771,122.027949,2025-04-01,0 days 21:19:27,30.75918,121.391711,Light Rain,,49
11577,94,jenna7746,Kia Niro EV,ride,2025-04-01,0 days 10:51:59,31.225786,121.862906,2025-04-01,0 days 14:09:08,30.737288,121.281541,Partly Cloudy,,63
11576,94,jenna7746,Kia Niro EV,charge,2025-04-01,0 days 00:00:04,30.973412,121.01168,2025-04-01,0 days 03:48:44,30.834262,121.949875,Heavy Snow,40.05,99
11575,94,jenna7746,Kia Niro EV,ride,2025-03-29,0 days 09:48:55,31.090911,122.043277,2025-03-29,0 days 13:24:07,31.011217,121.593762,Light Snow,,81
11574,94,jenna7746,Kia Niro EV,charge,2025-03-27,0 days 12:51:55,30.796857,121.671445,2025-03-27,0 days 15:24:56,30.982002,121.348657,Heavy Snow Showers,40.36,100
11573,94,jenna7746,Kia Niro EV,charge,2025-03-27,0 days 01:40:38,30.702603,121.174739,2025-03-27,0 days 03:03:50,31.065709,121.949719,Heavy Snow,17.06,97
11572,94,jenna7746,Kia Niro EV,charge,2025-03-24,0 days 07:43:33,31.353751,121.027831,2025-03-24,0 days 14:47:38,30.702133,121.958806,Heavy Snow Showers,36.06,85
11571,94,jenna7746,Kia Niro EV,charge,2025-03-22,0 days 18:45:22,31.462726,121.499708,2025-03-22,0 days 19:30:00,31.153845,120.873886,Light Rain,27.14,76
11570,94,jenna7746,Kia Niro EV,ride,2025-03-21,0 days 15:55:00,30.965923,121.016582,2025-03-21,0 days 17:16:36,31.177656,121.876408,Partly Cloudy,,48
11569,94,jenna7746,Kia Niro EV,charge,2025-03-20,0 days 17:49:22,31.526274,121.833705,2025-03-20,0 days 20:35:19,31.36201,121.128959,Heavy Rain,26.79,79
11568,94,jenna7746,Kia Niro EV,ride,2025-03-20,0 days 08:07:24,30.780053,121.216433,2025-03-20,0 days 11:09:44,31.038105,121.398652,Heavy Snow,,58
11567,94,jenna7746,Kia Niro EV,charge,2025-03-19,0 days 21:44:13,30.823678,121.58791,2025-03-20,0 days 00:59:18,31.488588,121.26597,Light Snow Showers,28.63,97
11566,94,jenna7746,Kia Niro EV,ride,2025-03-19,0 days 06:31:43,30.904925,121.186315,2025-03-19,0 days 08:40:34,31.358728,121.955503,Light Showers,,83
11565,94,jenna7746,Kia Niro EV,charge,2025-03-16,0 days 01:21:34,31.458721,122.038118,2025-03-16,0 days 09:07:19,31.09133,121.975557,Heavy Rain,7.16,93
11564,94,jenna7746,Kia Niro EV,ride,2025-03-14,0 days 02:58:26,31.43676,121.77164,2025-03-14,0 days 05:12:48,31.184233,122.091498,Partly Cloudy,,63
11563,94,jenna7746,Kia Niro EV,charge,2025-03-11,0 days 05:04:33,31.354825,121.430376,2025-03-11,0 days 06:13:19,31.440765,121.887771,Heavy Snow,15.19,85
11562,94,jenna7746,Kia Niro EV,charge,2025-03-10,0 days 09:22:25,31.118039,121.812023,2025-03-10,0 days 11:36:29,31.374307,121.55442,Light Snow,30.01,52
11561,94,jenna7746,Kia Niro EV,ride,2025-03-07,0 days 12:37:02,31.430375,121.563619,2025-03-07,0 days 15:29:55,30.976904,121.750979,Heavy Snow Showers,,18
11560,94,jenna7746,Kia Niro EV,charge,2025-03-07,0 days 05:11:21,30.957813,121.917202,2025-03-07,0 days 07:26:22,30.80499,122.107207,Light Rain,28.05,28
11559,94,jenna7746,Kia Niro EV,ride,2025-03-05,0 days 12:21:21,30.800069,121.861874,2025-03-05,0 days 15:46:13,31.247022,121.838955,Light Rain,,17
11558,94,jenna7746,Kia Niro EV,ride,2025-03-02,0 days 22:44:06,30.755997,120.93266,2025-03-03,0 days 02:56:44,31.460066,121.219215,Very Cloudy,,38
11557,94,jenna7746,Kia Niro EV,ride,2025-03-02,0 days 02:46:35,30.874515,121.282206,2025-03-02,0 days 06:14:12,31.083424,121.452805,Thundery Snow Showers,,78
11556,94,jenna7746,Kia Niro EV,ride,2025-02-27,0 days 05:39:15,31.224107,122.025457,2025-02-27,0 days 08:08:23,31.009788,121.62852,Heavy Snow Showers,,92
11555,94,jenna7746,Kia Niro EV,charge,2025-02-25,0 days 11:03:24,31.311992,121.656263,2025-02-25,0 days 18:49:10,31.490438,121.072118,Heavy Snow,42.24,100
11554,94,jenna7746,Kia Niro EV,charge,2025-02-22,0 days 11:07:33,31.341811,121.499913,2025-02-22,0 days 16:21:42,31.512163,120.88466,Light Showers,10.74,100
11553,94,jenna7746,Kia Niro EV,charge,2025-02-21,0 days 03:14:38,31.12091,121.858787,2025-02-21,0 days 07:34:52,31.495842,121.960829,Thundery Heavy Rain,18.76,100
11552,94,jenna7746,Kia Niro EV,ride,2025-02-18,0 days 20:35:28,31.315429,121.570098,2025-02-18,0 days 23:58:43,31.284622,121.408765,Light Showers,,100
11551,94,jenna7746,Kia Niro EV,charge,2025-02-17,0 days 13:23:58,31.274904,121.849129,2025-02-17,0 days 20:47:37,31.060237,121.809245,Light Snow,18.01,100
11550,94,jenna7746,Kia Niro EV,charge,2025-02-16,0 days 09:52:36,30.874402,121.720803,2025-02-16,0 days 15:00:09,31.50793,122.106222,Partly Cloudy,21.31,100
11549,94,jenna7746,Kia Niro EV,ride,2025-02-13,0 days 12:44:25,31.444105,121.799345,2025-02-13,0 days 16:58:36,31.50795,121.978351,Light Snow,,85
11548,94,jenna7746,Kia Niro EV,charge,2025-02-13,0 days 03:38:54,31.332633,121.838673,2025-02-13,0 days 05:41:42,31.390002,121.659532,Heavy Showers,36.64,100
11547,94,jenna7746,Kia Niro EV,charge,2025-02-10,0 days 14:25:50,30.790582,121.264434,2025-02-10,0 days 20:32:58,30.96918,121.229111,Thundery Heavy Rain,33.01,100
11546,94,jenna7746,Kia Niro EV,charge,2025-02-09,0 days 00:02:00,31.437534,121.014866,2025-02-09,0 days 03:23:05,30.952452,121.985602,Light Snow Showers,31.13,97
11545,94,jenna7746,Kia Niro EV,ride,2025-02-08,0 days 04:12:13,31.518424,121.642993,2025-02-08,0 days 04:59:05,31.33439,121.993894,Light Showers,,89
11544,94,jenna7746,Kia Niro EV,charge,2025-02-06,0 days 22:02:53,31.041162,121.882289,2025-02-07,0 days 00:39:15,31.308006,121.828429,Fog,35.16,100
11543,94,jenna7746,Kia Niro EV,charge,2025-02-05,0 days 00:40:27,30.779083,121.378886,2025-02-05,0 days 03:37:13,31.083646,121.910636,Light Sleet Showers,6.57,97
11542,94,jenna7746,Kia Niro EV,charge,2025-02-02,0 days 21:10:41,31.311495,122.103458,2025-02-03,0 days 03:56:55,31.216415,121.066427,Thundery Snow Showers,28.63,72
11541,94,jenna7746,Kia Niro EV,charge,2025-02-01,0 days 08:09:35,31.365132,121.019315,2025-02-01,0 days 14:05:56,30.894058,122.006275,Cloudy,18.06,52
11540,94,jenna7746,Kia Niro EV,ride,2025-02-01,0 days 03:23:04,31.036089,121.263297,2025-02-01,0 days 05:05:54,30.804523,120.912382,Sunny,,45
11539,94,jenna7746,Kia Niro EV,ride,2025-01-30,0 days 03:51:29,30.714318,120.883657,2025-01-30,0 days 04:27:24,31.27008,121.31169,Light Snow,,53
11538,94,jenna7746,Kia Niro EV,charge,2025-01-27,0 days 18:20:40,30.888873,121.206024,2025-01-27,0 days 21:38:41,31.224232,121.973127,Light Rain,21.76,71
11537,94,jenna7746,Kia Niro EV,charge,2025-01-27,0 days 02:29:44,31.025,121.359736,2025-01-27,0 days 03:31:25,31.363104,121.434402,Sunny,24.42,64
11536,94,jenna7746,Kia Niro EV,ride,2025-01-26,0 days 20:43:40,30.946485,121.094001,2025-01-26,0 days 21:24:53,31.156001,121.677351,Heavy Rain,,57
11535,94,jenna7746,Kia Niro EV,ride,2025-01-26,0 days 13:02:00,31.366435,121.115601,2025-01-26,0 days 15:24:12,31.275282,122.067369,Sunny,,63
11534,94,jenna7746,Kia Niro EV,charge,2025-01-25,0 days 14:03:47,30.882808,122.084941,2025-01-25,0 days 22:02:45,31.481462,121.816769,Very Cloudy,24.0,98
11533,94,jenna7746,Kia Niro EV,ride,2025-01-22,0 days 13:41:49,30.902013,121.285928,2025-01-22,0 days 14:39:58,31.28997,120.961468,Heavy Snow Showers,,73
11532,94,jenna7746,Kia Niro EV,ride,2025-01-21,0 days 07:37:54,31.244068,122.099117,2025-01-21,0 days 11:44:55,31.113303,122.068456,Thundery Showers,,73
11531,94,jenna7746,Kia Niro EV,charge,2025-01-20,0 days 13:12:50,31.401288,121.830551,2025-01-20,0 days 13:44:41,31.082778,121.535295,Fog,28.63,97
11530,94,jenna7746,Kia Niro EV,charge,2025-01-19,0 days 08:18:18,31.525253,121.443393,2025-01-19,0 days 11:38:39,30.95334,121.063262,Thundery Snow Showers,25.4,72
11529,94,jenna7746,Kia Niro EV,ride,2025-01-16,0 days 22:19:29,31.219751,121.862837,2025-01-17,0 days 01:42:58,30.734308,121.300131,Thundery Heavy Rain,,55
11528,94,jenna7746,Kia Niro EV,ride,2025-01-15,0 days 23:50:03,30.86432,122.012759,2025-01-16,0 days 03:39:53,31.063161,121.423046,Thundery Snow Showers,,61
11527,94,jenna7746,Kia Niro EV,charge,2025-01-14,0 days 08:16:30,31.448497,121.436428,2025-01-14,0 days 13:26:12,31.116286,121.000868,Light Sleet Showers,14.66,100
11526,94,jenna7746,Kia Niro EV,charge,2025-01-13,0 days 14:49:26,31.264461,121.471705,2025-01-13,0 days 21:46:58,30.867213,120.919709,Light Sleet Showers,40.76,100
11525,94,jenna7746,Kia Niro EV,charge,2025-01-11,0 days 05:20:25,31.247365,121.841083,2025-01-11,0 days 08:16:22,31.520796,121.550443,Light Snow,21.25,100
11524,94,jenna7746,Kia Niro EV,charge,2025-01-08,0 days 17:44:10,31.307832,121.853042,2025-01-08,0 days 23:38:44,31.170442,120.993425,Very Cloudy,21.4,98
11523,94,jenna7746,Kia Niro EV,charge,2025-01-06,0 days 16:35:09,30.994396,121.144023,2025-01-06,0 days 20:22:54,30.856082,121.612232,Thundery Showers,5.89,93
11522,94,jenna7746,Kia Niro EV,ride,2025-01-04,0 days 06:16:07,31.200806,121.602002,2025-01-04,0 days 08:41:49,31.361885,121.401624,Light Sleet,,25
11521,94,jenna7746,Kia Niro EV,ride,2025-01-03,0 days 09:55:27,31.19634,121.054382,2025-01-03,0 days 14:36:31,31.405242,121.870347,Thundery Snow Showers,,29
11520,94,jenna7746,Kia Niro EV,ride,2024-12-31,0 days 19:11:49,31.16878,121.766444,2024-12-31,0 days 20:49:21,30.892973,121.930544,Light Showers,,47
11519,94,jenna7746,Kia Niro EV,ride,2024-12-31,0 days 09:09:16,30.763877,120.866699,2024-12-31,0 days 10:11:06,31.000078,121.625993,Light Snow,,65
11518,94,jenna7746,Kia Niro EV,ride,2024-12-29,0 days 01:05:46,30.844658,121.903509,2024-12-29,0 days 04:43:35,30.703276,121.144732,Thundery Heavy Rain,,91
11517,94,jenna7746,Kia Niro EV,charge,2024-12-27,0 days 05:35:48,30.735001,121.620075,2024-12-27,0 days 11:18:01,31.412469,121.573258,Heavy Showers,18.82,94
11516,94,jenna7746,Kia Niro EV,ride,2024-12-25,0 days 11:49:07,31.371211,121.614072,2024-12-25,0 days 14:45:24,31.223684,121.111361,Very Cloudy,,41
11515,94,jenna7746,Kia Niro EV,charge,2024-12-22,0 days 18:14:06,30.804287,121.602772,2024-12-23,0 days 01:08:21,31.36056,121.511841,Thundery Heavy Rain,29.96,81
11514,94,jenna7746,Kia Niro EV,charge,2024-12-20,0 days 07:25:02,31.524907,121.885903,2024-12-20,0 days 13:03:29,30.915233,120.914029,Thundery Heavy Rain,34.72,55
11513,94,jenna7746,Kia Niro EV,ride,2024-12-19,0 days 21:02:59,30.917322,120.9881,2024-12-19,0 days 21:24:12,31.266604,121.047534,Partly Cloudy,,37
11512,94,jenna7746,Kia Niro EV,ride,2024-12-18,0 days 02:11:15,31.456086,120.998727,2024-12-18,0 days 03:50:23,30.872697,121.330281,Light Sleet Showers,,56
11511,94,jenna7746,Kia Niro EV,charge,2024-12-15,0 days 19:38:14,31.211891,122.082732,2024-12-16,0 days 00:09:59,31.264803,121.090215,Light Snow,11.44,91
11510,94,jenna7746,Kia Niro EV,ride,2024-12-12,0 days 15:49:32,31.435781,120.867546,2024-12-12,0 days 19:41:52,31.156238,120.881155,Sunny,,10
11509,94,jenna7746,Kia Niro EV,ride,2024-12-10,0 days 20:37:38,31.034465,121.455525,2024-12-10,0 days 22:12:03,31.085779,120.998688,Heavy Showers,,13
11508,94,jenna7746,Kia Niro EV,ride,2024-12-10,0 days 09:06:33,31.339918,121.053221,2024-12-10,0 days 13:44:50,31.112813,121.336034,Very Cloudy,,35
11507,94,jenna7746,Kia Niro EV,charge,2024-12-07,0 days 16:39:00,30.931795,121.293966,2024-12-07,0 days 22:58:44,30.828998,122.025946,Light Sleet,47.96,41
11506,94,jenna7746,Kia Niro EV,ride,2024-12-05,0 days 16:35:37,31.48305,121.283141,2024-12-05,0 days 18:41:18,30.853489,121.80776,Sunny,,10
11505,94,jenna7746,Kia Niro EV,ride,2024-12-03,0 days 07:03:56,30.883885,121.031492,2024-12-03,0 days 08:22:58,31.263514,121.741589,Partly Cloudy,,10
11504,94,jenna7746,Kia Niro EV,ride,2024-11-30,0 days 19:58:24,31.359872,120.851154,2024-11-30,0 days 22:12:03,31.234985,122.102682,Light Snow,,10
11503,94,jenna7746,Kia Niro EV,ride,2024-11-29,0 days 00:17:35,31.343509,121.514627,2024-11-29,0 days 03:22:01,31.173486,121.019342,Sunny,,10
11502,94,jenna7746,Kia Niro EV,ride,2024-11-27,0 days 13:06:19,31.341847,121.966239,2024-11-27,0 days 15:40:53,30.845297,121.63487,Light Sleet Showers,,12
11501,94,jenna7746,Kia Niro EV,ride,2024-11-25,0 days 15:27:56,31.268483,121.104222,2024-11-25,0 days 20:11:38,31.142542,122.101568,Light Snow Showers,,47
